item_id,item_name,size_name,description,packaging,image,Tax,main_category,sub_category,price,tags,addons,timings,sequence
16773681,Lassi,,"Lassi is a traditional yogurt-based beverage. It's known for its creamy texture and refreshing qualities, making it a favored drink.",0,3411/sweet-lassi3.jpg,,Drinks (Beverages),Drinks (Beverages),170,"veg,services",,,237
16797167,Barbeque Full Fish (Large),,"BBQ full fish is a flavorful and simple way to prepare a whole fish on the grill. Grilling the whole fish enhances its natural flavors while giving it a smoky, charred exterior and juicy, tender flesh.",0,3411/BBQ-Full-Fish.jpeg,,Arabian Garden Specials,Arabian Garden Specials,2270,"non-veg,services",,,261
16797168,Barbeque Full Fish (Small),,"BBQ full fish is a flavorful and simple way to prepare a whole fish on the grill. Grilling the whole fish enhances its natural flavors while giving it a smoky, charred exterior and juicy, tender flesh.",0,3411/BBQ-Full-Fish.jpeg,,Arabian Garden Specials,Arabian Garden Specials,1325,"non-veg,services",,,262
16797169,Tandoori Full Fish (Small),,"Tandoori Full Fish is marinated in a flavorful blend of yogurt and spices, giving it a rich, aromatic flavor, before being cooked in the tandoor.&nbsp;",0,3411/Tandoori-Full-Fish.jpeg,,Arabian Garden Specials,Arabian Garden Specials,1320,"non-veg,services",,,263
16797170,Tandoori Full Fish (Large),,"Tandoori Full Fish is marinated in a flavorful blend of yogurt and spices, giving it a rich, aromatic flavor, before being cooked in the tandoor.&nbsp;",0,3411/Tandoori-Full-Fish.jpeg,,Arabian Garden Specials,Arabian Garden Specials,2270,"non-veg,services",,,264
16797171,Jumbo Prawn,,"Jumbo prawns are a popular choice for special occasions because of their impressive size and rich flavor. They’re often seasoned with garlic, herbs, or spicy rubs and can be cooked in a variety of ways, including grilling, broiling, or even deep frying.",0,3411/Tandoori-Jumbo-Prawn.jpeg,,Arabian Garden Specials,Arabian Garden Specials,1890,"non-veg,services",,,265
16797172,Tiger Prawn,,"Tiger prawns have a sweet, delicate flavor with a slight brininess, which is typical of most shrimp and prawns.",0,3411/Tandoori-Tiger-Prawn.jpeg,,Arabian Garden Specials,Arabian Garden Specials,1130,"non-veg,services",,,266
16797173,Squid,,"Squid are rich in protein, low in fat, and a good source of vitamins like B12, and minerals such as iron and selenium.",0,3411/Chilli-Squid.jpeg,,Arabian Garden Specials,Arabian Garden Specials,1130,"non-veg,services",,,267
16797174,Mussels,,"Mussels are a type of shellfish found in both freshwater and saltwaters.&nbsp;They're also nutritious, offering a good source of protein, omega-3 fatty acids, and essential minerals.",0,3411/Mussels.jpeg,,Arabian Garden Specials,Arabian Garden Specials,1130,"non-veg,services",,,268
16797156,Sea Food Soup,,"<b data-start=""0"" data-end=""16"">Seafood Soup</b> is a delicious, aromatic dish that combines various types of seafood with fresh vegetables, herbs, and spices.&nbsp;",0,3411/Sea-Food-Soup.jpg,,Soups and Salad,Non veg Soups,295,"non-veg,services",,,250
16797157,Arabian Spl Tikka,,"<b data-start=""0"" data-end=""25"">Arabian Special Tikka</b> is a flavorful and tender grilled chicken dish marinated in a blend of Middle Eastern spices, yogurt, and herbs. The marinade gives the chicken a unique and aromatic flavor.",0,3411/Arabian-Tikka.jpg,,Starters,Non- Veg Starters,550,"non-veg,services",,,251
16797159,Boiled Egg (Set),,Boiled eggs are an excellent source of high-quality protein.,0,3411/Boiled-Egg-set.jpg,,Starters,Non- Veg Starters,65,"egg,services",,,253
16797160,Egg Masala,,Egg masala is a flavorful Indian dish made with hard-boiled eggs cooked in a rich and aromatic spiced tomato-based gravy.,0,3411/Egg-masala.jpg,,Starters,Non- Veg Starters,290,"egg,services",,,254
16797158,Tandoori Chilli Parotta,,"<b data-start=""0"" data-end=""27"">Tandoori Chilli Parotta</b> is a delicious and spicy Indian flatbread made from parotta (a layered, flaky flatbread) combined with green chilies and spices.&nbsp;",0,3411/Chilli-Parotta.jpg,,Breads,Breads,250,"veg,services",,,252
16683174,Arabian Roti,,"Arabian Roti is similar to other types of flatbreads such as <b>naan</b> or <b>chapati</b>, but it has its own distinct characteristics.&nbsp;",0,3411/Arabian-Roti.jpg,,Breads,Breads,200,"veg,services",,,132
16797165,Plain Dum Biriyani,,"<b data-start=""0"" data-end=""21"">Plain Dum Biryani</b> is a fragrant and flavorful rice dish that is made with aromatic basmati rice, layered with spices, and cooked using the ""dum"" method.",0,3411/Plain-dum-biriyani.JPG,,Rice and Biryani,Biriyani,255,"non-veg,services",,,259
16797166,Egg Biriyani,,"<b data-start=""0"" data-end=""15"">Egg Biryani</b> is a flavorful, comforting dish that combines perfectly cooked rice with aromatic spices and hard-boiled eggs.&nbsp;",0,3411/instant-pot-egg-biryani.jpg,,Rice and Biryani,Biriyani,292,"non-veg,services",,,260
16797161,Mixed Fried Rice,,"<b data-start=""0"" data-end=""20"">Mixed Fried Rice</b> is a simple, versatile, and flavorful dish that can be made with a variety of proteins, vegetables, and rice.&nbsp;",0,3411/Mixed-Fried-Rice.jpg,,Fried Rice and Noodles,Fried Rice and Noodles,570,"non-veg,services",,,255
16797162,Singapore Mixed Fried Rice,,"<b data-start=""0"" data-end=""30"">Singapore Mixed Fried Rice</b> is a vibrant and flavorful dish that combines fried rice with a variety of vegetables, proteins (like chicken,shrimp and eggs), and is flavored with a curry powder or spice mix,which gives it a distinct, slightly spicy, and aromatic taste.",0,3411/singapore-fried-rice-recipe.jpg,,Fried Rice and Noodles,Fried Rice and Noodles,600,"non-veg,services",,,256
16797163,Mixed Noodles,,"<b data-start=""0"" data-end=""17"">Mixed Noodles</b> is a versatile and delicious dish that combines a variety of vegetables, proteins (like chicken or shrimp) and noodles stir-fried together in a savory sauce.",0,3411/asian-chow-mein-noodles-with-chicken-meat-vegetables-popular-oriental-cuisine-dish-stock-photo_285336-2028.jpg,,Fried Rice and Noodles,Fried Rice and Noodles,560,"non-veg,services",,,257
16797164,Hakka Non Veg Noodles,,"<b data-start=""0"" data-end=""25"">Hakka Non-Veg Noodles</b> is a popular Indo-Chinese dish, known for its savory, stir-fried noodles mixed with a variety of vegetables and protein.&nbsp;(usually chicken or shrimp).",0,3411/Hakka-Non-veg-Noodles.jpeg,,Fried Rice and Noodles,Fried Rice and Noodles,560,"non-veg,services",,,258
16773687,Ice cream,,"Ice cream is a beloved frozen dessert made from milk or cream, sweeteners, and various flavorings. Its creamy texture and diverse flavors have made it a global favorite.",0,3411/Ice-Cream-photo.jpg,,Snacks,Snacks,150,"veg,services",,,243
16686582,Mutton Mandi (Full),,"<b>Mutton Mandi</b> is a rich, flavorful, and aromatic dish that combines tender mutton (lamb or goat meat) with seasoned rice, cooked together to create a delicious one-pot meal.",0,3411/Mutton-mandi.jpg,,Continental,Arabic,2485,"non-veg,services",,,26
16686583,Jumbo Prawns Mandi (Half),,"<span style=""font-weight: 700; color: rgb(68, 68, 68); font-family: &quot;Helvetica Neue&quot;, Helvetica, Arial, sans-serif; font-size: 15px; background-color: rgb(240, 240, 240);"">Jumbo Prawns Mandi</span><span style=""color: rgb(68, 68, 68); font-family: &quot;Helvetica Neue&quot;, Helvetica, Arial, sans-serif; font-size: 15px; background-color: rgb(240, 240, 240);"">&nbsp;is a flavorful and aromatic dish.The prawns are marinated with a blend of spices and then cooked along with fragrant rice, creating a hearty and delicious one-pot meal.</span>",0,3411/Jumbo-Prawns-mandi.jpg,,Continental,Arabic,1775,"non-veg,services",,,27
16686584,Jumbo Prawns Mandi (Full),,"<b>Jumbo Prawns Mandi</b> is a flavorful and aromatic dish.The prawns are marinated with a blend of spices and then cooked along with fragrant rice, creating a hearty and delicious one-pot meal.",0,3411/Jumbo-Prawns-mandi.jpg,,Continental,Arabic,2665,"non-veg,services",,,28
16686585,Fish Mandi (Half),,"<span style=""font-weight: 700;"">Fish Mandi</span>&nbsp;is&nbsp;often cooked in a one-pot dish,The fish is cooked along with the rice, ensuring that the spices and seasonings seep into both the fish and rice for a deliciously savory meal.",0,3411/Full-Fish-mandi.jpg,,Continental,Arabic,1775,"non-veg,services",,,29
16686586,Fish Mandi (Full),,"<b>Fish Mandi</b> is&nbsp;often cooked in a one-pot dish,The fish is cooked along with the rice, ensuring that the spices and seasonings seep into both the fish and rice for a deliciously savory meal.",0,3411/Full-Fish-mandi.jpg,,Continental,Arabic,2665,"non-veg,services",,,30
16683280,Apple Juice,,"<b>Apple juice</b> is a popular, refreshing drink that offers a variety of health benefits. While it’s important to drink it in moderation due to its natural sugar content, apple juice can be a nutritious addition to your diet.&nbsp;",0,3411/Apple-Juice-Square.jpeg,,Drinks (Beverages),Drinks (Beverages),210,"veg,services",,,185
16683284,Buttermilk,,"Buttermilk known for its slightly tangy flavor and is often served to aid digestion, particularly during hot weather. It’s a popular choice due to its health benefits, lightness, and digestive properties.",0,3411/Butter-Milk.jpg,,Drinks (Beverages),Drinks (Beverages),140,"veg,services",,,187
16683286,Fresh Lime Juice,,"<b>Fresh Lime Juice</b> is a simple and refreshing beverage made from freshly squeezed limes. It's a tangy, citrusy drink that's full of flavor and packed with nutrients.&nbsp;",0,3411/FRESH-LIME-JUICE.jpg,,Drinks (Beverages),Drinks (Beverages),105,"veg,services",,,188
16683288,Fresh Lime Soda,,"<b>Fresh Lime Soda</b> is a tangy and refreshing drink made from freshly squeezed lime juice and soda water (carbonated water). It's a popular beverage, especially in warm weather, as it is both hydrating and revitalizing.&nbsp;",0,3411/LIME-SODA.jpg,,Drinks (Beverages),Drinks (Beverages),140,"veg,services",,,189
16683290,Grape Juice,,"<b>Grape Juice</b> is a refreshing, naturally sweet beverage made from grapes, typically enjoyed as a healthy and revitalizing drink.",0,3411/Grape-Juice.jpg,,Drinks (Beverages),Drinks (Beverages),190,"veg,services",,,190
16683292,Jeera Soda,,<b>Jeera Soda</b> is a popular and refreshing Indian drink made with <b>jeera</b> (cumin seeds) and <b>soda</b> (carbonated water). It is known for its cooling properties and digestive benefits.&nbsp;,0,3411/JEERA-SODA.jpg,,Drinks (Beverages),Drinks (Beverages),170,"veg,services",,,191
16683294,Mosambi Juice,,"Like other citrus fruits, Mosambi is a great source of vitamin C, which boosts the immune system and helps protect the body from infections.",0,3411/Mosambi-Juice.jpg,,Drinks (Beverages),Drinks (Beverages),190,"veg,services",,,192
16683296,Orange Juice,,"Orange juice is a popular beverage made by extracting the juice from fresh oranges. It is known for its tangy and sweet flavor and is often consumed for breakfast or as a refreshing drink throughout the day. Orange juice is a rich source of vitamin C, which helps boost the immune system.&nbsp;",0,3411/Orange-Juice.jpg,,Drinks (Beverages),Drinks (Beverages),190,"veg,services",,,193
16683298,Papaya Milk Shake,,"<b>Papaya Milk shake</b> is a creamy, tropical beverage made from ripe papaya blended with milk &amp; sugar. It's a delicious, nutrient-packed drink.",0,3411/papaya-milkshake-600x600.jpg,,Drinks (Beverages),Drinks (Beverages),210,"veg,services",,,194
16683300,Pineapple Juice,,"<b>Pineapple juice</b> is a refreshing and naturally sweet drink full of vitamins, minerals, and antioxidants. It’s known for its tropical flavor and health benefits, including boosting the immune system.",0,3411/361959ad-08bc-4577-8918-c636511fc8b3-500x500.jpg,,Drinks (Beverages),Drinks (Beverages),190,"veg,services",,,195
16683302,Pomegranate Juice,,"<b>Pomegranate juice</b> is a nutritious, refreshing drink packed with antioxidants, vitamins, and health benefits.&nbsp;",0,3411/pomegranate-juice-500x500.jpg,,Drinks (Beverages),Drinks (Beverages),210,"veg,services",,,196
16683304,Watermelon Juice,,"<b>Watermelon juice</b> is a refreshing, hydrating, and healthy drink, especially perfect for hot weather. It's packed with vitamins, minerals, and antioxidants.&nbsp;",0,3411/watermelon2Bjuice2B1-500x500.jpg,,Drinks (Beverages),Drinks (Beverages),170,"veg,services",,,197
16683306,Fig Juice,,"<b>Fig Juice</b> is a naturally sweet and nutritious beverage made from fresh or dried figs, blended with water.&nbsp;Figs are packed with vitamins, minerals, fiber, and antioxidants, making fig juice a healthy and delicious drink option.",0,3411/FIG-JUICE.jpg,,Drinks (Beverages),Drinks (Beverages),170,"veg,services",,,198
16683308,Sapota Milkshake,,<b>Sapota Milkshake</b> (also known as <b>Chikoo Milkshake</b>) is a sweet and creamy beverage made from sapota (chikoo) fruit blended with milk &amp; sugar.,0,3411/Sapota-Milkshake.jpg,,Drinks (Beverages),Drinks (Beverages),290,"veg,services",,,199
16773682,Mojito,,"A mojito is a classic cuban cocktail celebrated for its refreshing blend of mint, lime, sugar and soda water.&nbsp;",0,3411/Mojito.jpg,,Drinks (Beverages),Drinks (Beverages),290,"veg,services",,,238
16773683,Mini Falooda,,"Mini falooda is a delightful, condensed version of the traditional falooda dessert, offering the same rich flavors and textures in a more compact form.",0,3411/Mini-Falooda.jpg,,Drinks (Beverages),Drinks (Beverages),290,"veg,services",,,239
16773684,Arabian Falooda,,Arabian Falooda is a delicious and refreshing dessert drink.,0,3411/Arabian-Falooda.jpg,,Drinks (Beverages),Drinks (Beverages),400,"veg,services",,,240
16773685,Italian Falooda,,"Chilled milk serves as the base, blending all the ingredients together.&nbsp; A scoop of ice cream, often vanilla or kulfi, is added for creaminess and extra sweetness. <span class="""" data-state=""closed""><br></span>",0,3411/Italian-Falooda.jpg,,Drinks (Beverages),Drinks (Beverages),435,"veg,services",,,241
16773686,Milk shake with Icecream,,"A milkshake with ice cream is a classic treat that's creamy, indulgent, and totally customizable.",0,3411/Milkshake-with-Ice-cream.jpg,,Drinks (Beverages),Drinks (Beverages),400,"veg,services",,,242
16684331,Tawa Lobster (Medium),,"Tawa Lobster is a luxurious feast of bold flavors and culinary finesse, where the rich, succulent lobster is elevated to pure perfection on a sizzling hot tawa.",0,3411/Lobster.jpg,,Arabian Garden Specials,Arabian Garden Specials,2650,"non-veg,services",,,200
16773688,Tawa Full Fish (Small),,"The crisp, caramelized crust locks in the tender, flaky goodness within, creating a symphony of textures that delights with every bite. The sizzle of the tawa and the aroma of spices dancing in the air tell a story of passion and perfection.",0,3411/tawa-fish.jpg,,Arabian Garden Specials,Arabian Garden Specials,1320,"non-veg,services",,,244
16773689,Tawa Full Fish (Large),,"The crisp, caramelized crust locks in the tender, flaky goodness within, creating a symphony of textures that delights with every bite. The sizzle of the tawa and the aroma of spices dancing in the air tell a story of passion and perfection.",0,3411/tawa-fish.jpg,,Arabian Garden Specials,Arabian Garden Specials,2270,"non-veg,services",,,245
16773690,Tawa Lobster (Small),,"Tawa Lobster is a luxurious feast of bold flavors and culinary finesse, where the rich, succulent lobster is elevated to pure perfection on a sizzling hot tawa.",0,3411/Lobster.jpg,,Arabian Garden Specials,Arabian Garden Specials,2080,"non-veg,services",,,246
16773691,Tawa Lobster (Large),,"Tawa Lobster is a luxurious feast of bold flavors and culinary finesse, where the rich, succulent lobster is elevated to pure perfection on a sizzling hot tawa.",0,3411/Lobster.jpg,,Arabian Garden Specials,Arabian Garden Specials,3210,"non-veg,services",,,247
16773692,Samba Crab Roast (Small),,"Samba Crab Roast is a fiery embrace of coastal flavors, a dish that captures the heart of the ocean in every bite. The tender, succulent crab is coated in a rich, aromatic masala, bursting with the warmth of spices, the tang of tamarind, and the subtle sweetness of caramelized onions.",0,3411/01.JPG,,Arabian Garden Specials,Arabian Garden Specials,1320,"non-veg,services",,,248
16773693,Samba Crab Roast (Large),,"Samba Crab Roast is a fiery embrace of coastal flavors, a dish that captures the heart of the ocean in every bite. The tender, succulent crab is coated in a rich, aromatic masala, bursting with the warmth of spices, the tang of tamarind, and the subtle sweetness of caramelized onions.",0,3411/01.JPG,,Arabian Garden Specials,Arabian Garden Specials,2270,"non-veg,services",,,249
16682929,Japan Chicken,,"Japan Chicken is a delightful fusion of flavor and technique, inspired by the elegant simplicity and umami-rich cuisine of Japan. The tender chicken is often marinated in a symphony of soy sauce, mirin, sake, and ginger, allowing the flavors to seep deep into every bite.",0,3411/japan.jpg,,Arabian Garden Specials,Arabian Garden Specials,660,"non-veg,services",,,1
16682930,Achari Fish Tikka,,"Achari Fish Tikka is a tantalizing dance of flavors, where the delicate, flaky fish is marinated in a tangy, spicy pickling masala inspired by traditional Indian achar (pickle). Each piece is infused with the bold zest of mustard seeds, fennel, fenugreek, and the warmth of aromatic spices, perfectly balanced with the creamy richness of yogurt and a hint of lemon.",0,3411/23.JPG,,Arabian Garden Specials,Arabian Garden Specials,1130,"non-veg,services",,,2
16682931,Barbeque Full Fish ( Medium),,"Barbecue fish isn’t just food—it’s an experience, a celebration of simplicity and depth, where nature’s bounty is elevated to artistry. It's the taste of warm gatherings, laughter under the stars, and the joy of savoring life one exquisite bite at a time.",0,3411/04.JPG,,Arabian Garden Specials,Arabian Garden Specials,1700,"non-veg,services",,,3
16682932,Full Fish Biriyani,,"""Full Fish Biryani"" is a sumptuous dish that combines the rich, aromatic flavors of traditional biryani with the wholesome taste of fresh, whole fish.",0,3411/18.JPG,,Arabian Garden Specials,Arabian Garden Specials,1325,"non-veg,services",,,4
16682933,Tawa Full Fish (Medium),,"The crisp, caramelized crust locks in the tender, flaky goodness within, creating a symphony of textures that delights with every bite. The sizzle of the tawa and the aroma of spices dancing in the air tell a story of passion and perfection.",0,3411/tawa-fish.jpg,,Arabian Garden Specials,Arabian Garden Specials,1700,"non-veg,services",,,5
16682934,Tandoori Full Fish (Medium),,"Full Tandoori Fish is a masterpiece of flavor and elegance, a dish that celebrates the ocean's finest offering with the magic of the tandoor. The fish, marinated to perfection in a symphony of yogurt, lemon, and spices, absorbs every ounce of love from the rich, aromatic blend.",0,3411/03.JPG,,Arabian Garden Specials,Arabian Garden Specials,1700,"non-veg,services",,,6
16682935,Butter Garlic Prawns,,"Butter Garlic Prawn is a delectable, melt-in-your-mouth dish that effortlessly combines the richness of butter with the aromatic warmth of garlic.",0,3411/21.JPG,,Arabian Garden Specials,Arabian Garden Specials,1130,"non-veg,services",,,7
16682936,Samba Crab Roast (Medium),,"Samba Crab Roast is a fiery embrace of coastal flavors, a dish that captures the heart of the ocean in every bite. The tender, succulent crab is coated in a rich, aromatic masala, bursting with the warmth of spices, the tang of tamarind, and the subtle sweetness of caramelized onions.",0,3411/01.JPG,,Arabian Garden Specials,Arabian Garden Specials,1700,"non-veg,services",,,8
16682937,Butter Garlic Squid,,"Butter Garlic Squid is a dish that feels like a warm hug from the sea, a perfect blend of simplicity and indulgence. Tender rings of squid are sautéed in golden butter, infused with the heavenly aroma of garlic, creating a rich and creamy base that lets the natural sweetness of the squid shine through.",0,3411/butter-garlic-squid.jpg,,Arabian Garden Specials,Arabian Garden Specials,1130,"non-veg,services",,,9
16682938,Snail Roast,,"<b>Snail Roast</b> is a flavorful dish made with snails, often seasoned with aromatic spices and roasted to perfection. Snails have a soft, tender texture that absorbs spices well, making them an exciting treat for adventurous eaters.",0,3411/Snail-Roast.jpg,,Arabian Garden Specials,Arabian Garden Specials,1130,"non-veg,services",,,10
16682939,Green Salad,,"<b>Green Salad</b> is a fresh, healthy, and simple dish made primarily with green vegetables. It’s a versatile dish that can be tailored to individual tastes with various additions and dressings.&nbsp;",0,3411/fresh-garden-salad.jpg,,Soups and Salad,Salad,192,"veg,services",,,11
16682940,Hot and Sour Mushroom Soup,,"<b>Hot and Sour Mushroom Soup</b> is a perfect combination of spicy, sour, and umami flavors. The mushrooms add an earthy richness, while the tangy vinegar and spicy heat make each spoonful irresistible. This soup is perfect for those who enjoy a bold, flavorful broth!!!",0,3411/Hot-and-Sour-Mushroom-Soup.jpg,,Soups and Salad,Veg Soups,210,"veg,services",,,12
16682941,"Hot and Sour veg,service Soup",,"<b>Hot and Sour Veg Soup</b> is a tangy, spicy, and flavorful soup that combines the heat from chili peppers with the sourness of vinegar and lime, along with the freshness of vegetables.&nbsp;",0,3411/Hot-and-Sour-Veg-Soup.jpg,,Soups and Salad,Veg Soups,210,"veg,services",,,13
16682942,Sweet Corn Mushroom Soup,,"<p><b>Sweet Corn Mushroom Soup</b> is a delicious, creamy, and flavorful variation of the classic sweet corn soup, incorporating earthy mushrooms for added depth and texture. The sweetness of the corn complements the umami richness of the mushrooms, creating a balanced and comforting soup.</p><p><br></p>",0,3411/Creamy-Sweet-Corn-and-Mushroom-Soup.jpg,,Soups and Salad,Veg Soups,210,"veg,services",,,14
16682943,Sweet Corn Soup,,"<b>Sweet Corn Soup</b> is a comforting, flavorful, and slightly sweet soup made from corn kernels, vegetables, and a light broth. The soup can be thickened with cornstarch to create a creamy texture, and it can be customized with vegetables, and herbs.",0,3411/Sweet-corn-soup.jpg,,Soups and Salad,Veg Soups,210,"veg,services",,,15
16682944,Tomato Cream Soup,,"<b>Tomato Cream Soup</b> is a rich, creamy, and comforting soup made with ripe tomatoes, cream, and a blend of aromatic seasonings. The balance of tangy tomatoes and smooth cream makes it a delightful soup that's both hearty and velvety.",0,3411/Cream-Tomato-Soup.jpg,,Soups and Salad,Veg Soups,210,"veg,services",,,16
16682945,"Veg,service Manchow Soup",,"<b>Veg Manchow Soup</b> is a delicious, spicy, and flavorful soup made with a variety of vegetables, a clear, aromatic broth, and a dash of spices. It's typically served with crispy fried noodles on top, adding an extra crunch. The soup is bold, savory, and slightly tangy, with the vegetables providing texture and the broth offering warmth and comfort.",0,3411/Veg-Manchow-Soup.jpg,,Soups and Salad,Veg Soups,210,"veg,services",,,17
16682946,"Veg,service Clear Soup",,"<b>Vegetable Clear Soup</b> is a light, nutritious, and healthy soup made with fresh vegetables, offering a refreshing and comforting experience. The clear broth allows the natural flavors of the vegetables to shine through, making it a perfect option for a light meal or as a starter.&nbsp;",0,3411/Vegetable-clear-Soup.jpg,,Soups and Salad,Veg Soups,210,"veg,services",,,18
16682948,Chicken Clear Soup,,"<p><b>Chicken Clear Soup</b> is a light, flavorful, and nourishing soup made with tender chicken and aromatic spices, resulting in a clear, light broth. This soup is simple yet incredibly satisfying and is often used as a starter or light meal. It’s perfect for any occasion when you want something comforting and healthy.</p><p><br></p>",0,3411/Chicken-clear-soup.jpg,,Soups and Salad,Non veg Soups,240,"non-veg,services",,,19
16682950,Chicken Manchow Soup,,"<b>Chicken Manchow Soup</b> is a popular Indo-Chinese soup known for its rich, savory, and slightly spicy flavors. It’s made with tender pieces of chicken, crunchy vegetables, and a flavorful broth, and is often finished with crispy fried noodles on top.&nbsp;",0,3411/Chicken-Manchow-soup.jpg,,Soups and Salad,Non veg Soups,240,"non-veg,services",,,20
16682952,Sweet Corn Chicken Soup,,"<b>Sweet Corn Chicken Soup</b> is a delightful, comforting, and slightly sweet soup made with tender chicken, sweet corn kernels, and a flavorful broth. It is loved for its lightness, natural sweetness from the corn, and the savory flavors from the chicken and seasonings.&nbsp;",0,3411/Chicken-and-Sweetcorn-Soup-.jpg,,Soups and Salad,Non veg Soups,240,"non-veg,services",,,21
16682954,Hot and Sour Chicken Soup,,"<b>Hot and Sour Chicken Soup</b> is a flavorful, spicy, and tangy soup made with tender chicken, aromatic spices, and a combination of heat from black pepper and green chilies, along with sourness from vinegar and lime. This soup is perfect for chilly weather or when you're craving something spicy and comforting.",0,3411/Hot-and-sour-chicken-Soup.png,,Soups and Salad,Non veg Soups,240,"non-veg,services",,,22
16682956,Mutton Hot and Sour Soup,,"<p><b>Mutton Hot and Sour Soup</b> is a spicy and tangy soup made with tender pieces of mutton (goat meat) and infused with the bold flavors of ginger, garlic, vinegar, and pepper. This dish combines heat and sourness, making it a flavorful, comforting, and aromatic soup that is both soothing and energizing.&nbsp;</p>",0,3411/Mutton-Hot-and-sour-soup.jpg,,Soups and Salad,Non veg Soups,260,"non-veg,services",,,23
16682958,Mutton Clear Soup,,"<b>Mutton Clear Soup</b> is a light and flavorful broth-based soup made with mutton (goat meat), vegetables, and aromatic spices. This soup is clear, light, and comforting, and it is perfect as an appetizer or as a nourishing dish on a cold day.&nbsp;",0,3411/Mutton-Clear-Soup.jpg,,Soups and Salad,Non veg Soups,260,"non-veg,services",,,24
16682960,Mutton Pepper Soup,,"<b>Mutton Pepper Soup</b> is a rich, flavorful, and spicy soup made with tender pieces of mutton (goat meat) cooked in a peppery broth infused with aromatic spices.&nbsp;",0,3411/mutton-pepper-soup.jpg,,Soups and Salad,Non veg Soups,260,"non-veg,services",,,25
16682962,Crab Soup,,"<b>Crab Soup</b> is a flavorful, hearty, and comforting dish made with fresh crab, aromatic spices, and a rich, savory broth. This soup can be enjoyed as an appetizer or a light main course. The sweetness of the crab meat, combined with the spices and herbs, makes it a deliciously satisfying dish.&nbsp;",0,3411/Crab-Soup.jpg,,Soups and Salad,Non veg Soups,295,"non-veg,services",,,26
16682964,Baby Corn 65,,"<b>Baby Corn 65</b> is a popular, flavorful, and crispy dish made with baby corn, seasoned with spices, and deep-fried until golden and crispy.&nbsp;The dish is spicy, tangy and crunchy.",0,3411/Baby-Corn-65.jpg,,Starters,Veg Starters,380,"veg,services",,,27
16682966,Baby Corn Manchurian,,"<b>Baby Corn Manchurian</b> is a flavorful and popular dish where crispy baby corn is cooked in a spicy, tangy, and savory sauce, uses baby corn as the main ingredient, giving it a delightful crunch and a delicious combination of flavors.&nbsp;",0,3411/Baby-corn-manchurian.jpg,,Starters,Veg Starters,380,"veg,services",,,28
16682968,Baby Corn Salt and Pepper,,"<b>Baby Corn Salt and Pepper</b> is a simple and delicious appetizer or snack made by stir-frying baby corn in a savory, peppery seasoning. It's a delightful combination of crisp baby corn and a flavorful seasoning mix.&nbsp;",0,3411/Baby-Corn-salt-and-pepper.jpg,,Starters,Veg Starters,380,"veg,services",,,29
16682970,Chili Gobi,,"<b>Chili Gobi</b> is a delicious dish made with crispy cauliflower florets tossed in a spicy, tangy, and flavorful sauce. Cauliflower (gobi) is used as the main ingredient.&nbsp;",0,3411/Chilli-Gobi.jpg,,Starters,Veg Starters,380,"veg,services",,,30
16682972,Chili Paneer,,"<b>Chili Paneer</b> is a dish made with cubes of paneer that are deep-fried or stir-fried and then tossed in a spicy, tangy sauce made with soy sauce, chili sauce, and various spices. It is a perfect combination of crispy paneer and a flavorful, aromatic sauce that has the right balance of spice and tang.&nbsp;",0,3411/chilli-paneer.jpeg,,Starters,Veg Starters,415,"veg,services",,,31
16682974,Chili Baby Corn,,"<b>Chili Baby Corn</b> is a delicious dish where crispy baby corn is sautéed with aromatic spices, soy sauce, and chili, creating a flavorful, tangy, and spicy dish. The crispy texture of baby corn combined with the spicy, savory sauce makes it irresistible!",0,3411/Crispy-babycorn.jpg,,Starters,Veg Starters,380,"veg,services",,,32
16682976,Gobi 65,,"<b>Gobi 65</b> is a popular Indian vegetarian dish made with cauliflower, where the florets are marinated in a spicy and flavorful batter, deep-fried until crispy, and then served with a tangy and aromatic tempering.&nbsp;",0,3411/GOBI-65.jpg,,Starters,Veg Starters,380,"veg,services",,,33
16682978,Gobi Manchurian,,"<b>Gobi Manchurian</b> is a popular Indo-Chinese dish made with battered and deep-fried cauliflower florets, tossed in a flavorful, tangy, and spicy sauce.",0,3411/gobi-manchurian-.jpg,,Starters,Veg Starters,380,"veg,services",,,34
16682980,Mushroom 65,,"<b>Mushroom 65</b> is a spicy and crispy South Indian appetizer where mushrooms are marinated in a flavorful mix of spices, deep-fried, and served with a crispy exterior and juicy interior.&nbsp;",0,3411/Mushroom-65.jpeg,,Starters,Veg Starters,380,"veg,services",,,35
16682982,Mushroom Chilli Fry,,"<b>Mushroom Chilli Fry</b> is a spicy and flavorful dish where mushrooms are stir-fried with onions, green chilies, and a blend of aromatic spices. It’s typically cooked in a semi-dry form with a fiery kick from green chilies and a slightly tangy undertone from soy sauce and vinegar.&nbsp;",0,3411/chilli-mushroom-recipe.jpg,,Starters,Veg Starters,380,"veg,services",,,36
16682984,Mushroom Pepper Fry,,"<b>Mushroom Pepper Fry</b> is a flavorful and aromatic dish where mushrooms are sautéed with black pepper, spices, and herbs. The pepper gives the dish a nice heat, while the mushrooms absorb all the flavors, making it a delightful and savory dish. It’s a great accompaniment with rice, roti, or as a starter. It is a perfect choice for those who love earthy mushrooms combined with a spicy kick.",0,3411/Mushroom-Pepper-Fry.JPG,,Starters,Veg Starters,380,"veg,services",,,37
16682986,Paneer 65,,"<p><b>Paneer 65</b> is a flavorful, spicy, and crispy South Indian appetizer made with paneer. It is marinated in a blend of spices and yogurt, deep-fried to a crispy texture, and then served with a garnish of fresh curry leaves and green chilies. This dish is widely loved for its crispy texture and bold, spicy flavor.</p><h3><br></h3>",0,3411/Paneer-65.jpg,,Starters,Veg Starters,415,"veg,services",,,38
16682988,Paneer Manchurian,,"<p><b>Paneer Manchurian</b> is a delicious and popular Indo-Chinese dish where paneer cubes are deep-fried and tossed in a flavorful, spicy, and tangy Manchurian sauce. The sauce is made with a combination of soy sauce, vinegar, chili sauce, and aromatic spices, creating a perfect balance of savory, spicy, and slightly sweet flavors.&nbsp;</p><h3><br></h3>",0,3411/Paneer_Manchurian.jpg,,Starters,Veg Starters,415,"veg,services",,,39
16682990,Paneer Tikka,,"<b>Paneer Tikka</b> is a popular Indian appetizer made from chunks of paneer marinated in a mixture of yogurt and spices, and then grilled or baked until they are smoky, crispy, and flavorful. It’s one of the most beloved vegetarian dishes, often served with green chutney and sliced onions.",0,3411/Paneer-Tikka.jpg,,Starters,Veg Starters,415,"veg,services",,,40
16682992,Chilli Egg Dry,,"<p><b>Chilli Egg Dry</b> is a delicious, spicy, and savory dish where boiled eggs are stir-fried with a combination of aromatic spices, chili sauce, and fresh vegetables. It’s a perfect appetizer or side dish, especially loved for its crispy exterior and rich, flavorful sauce.&nbsp;</p>",0,3411/Chilli-Egg-Dry.jpg,,Starters,Non- Veg Starters,255,"egg,services",,,41
16682994,Egg Pepper Fry,,"<b>Egg Pepper Fry</b> is a delicious and simple South Indian dish made with boiled eggs in a spicy, flavorful pepper-based sauce. The combination of the eggs richness with the bold, aromatic spices makes it a perfect side dish or appetizer.&nbsp;<p><p data-pm-slice=""1 1 []"">This dish is especially loved for its peppery and savory kick.</p></p>",0,3411/EggPepperFry.jpg,,Starters,Non- Veg Starters,255,"egg,services",,,42
16682996,Black Pepper Chicken Dry,,"<b>Black Pepper Chicken Dry</b> is a flavorful, spicy, and aromatic dish that features boneless chicken cooked in a dry, peppery sauce with a balance of savory, spicy, and earthy flavors. It is a popular choice and it is known for its smoky black pepper kick.",0,3411/Chicken-Pepper-Fry.png,,Starters,Non- Veg Starters,550,"non-veg,services",,,43
16682998,Chicken 65,,"<p><b>Chicken 65</b> is a famous South Indian appetizer, known for its deep-fried crispy texture and bold, spicy flavors. It's typically marinated with a combination of yogurt, spices, and herbs, then deep-fried until golden brown. The dish is often served as a starter or snack, garnished with curry leaves and green chilies for added fragrance and heat.</p><h3><br></h3>",0,3411/Chicken-65.jpg,,Starters,Non- Veg Starters,465,"non-veg,services",,,44
16683000,Chicken Drumstick,,"<b>Chicken Drumsticks</b> are one of the most popular and flavorful parts of the chicken, loved for their tender, juicy meat and crispy skin.",0,3411/Chicken-drumsticks.jpg,,Starters,Non- Veg Starters,500,"non-veg,services",,,45
16683002,Chicken Lollipop,,"<b>Chicken Lollipop</b>&nbsp;known for its crispy and spicy exterior, combined with tender meat on the inside. It is made by cutting chicken wings into a lollipop shape, where the meat is pushed down to the end of the bone, leaving a clean ""handle"" of the chicken bone, making it easy to eat.",0,3411/Chicken-Lollipop.jpg,,Starters,Non- Veg Starters,500,"non-veg,services",,,46
16683004,Chicken Malai Kebab,,"<b>Chicken Malai Kebab</b> is a rich and creamy grilled or baked kebab. It is known for its tender, juicy texture and mild, aromatic flavors. The chicken is marinated in a creamy mixture of yogurt, cream, and spices, which helps to tenderize the meat and infuse it with flavor. The kebabs are typically cooked until golden and slightly&nbsp;charred, making them a perfect appetizer or snack.",0,3411/Chicken_Malai_Kebab.jpg,,Starters,Non- Veg Starters,550,"non-veg,services",,,47
16683006,Chicken Manchurian Dry,,"<b>Chicken Manchurian Dry</b> is a popular Indo-Chinese dish that combines the flavors of Chinese cuisine with Indian spices. It features crispy chicken pieces cooked in a flavorful, tangy, and slightly sweet sauce with a combination of garlic, ginger, soy sauce, and other seasonings.",0,3411/chicken-manchurian--dry.jpg,,Starters,Non- Veg Starters,550,"non-veg,services",,,48
16683008,Chicken Pepper Dry,,"<b>Chicken Pepper Dry</b> is a flavorful and spicy dish. It features boneless chicken pieces cooked in a dry, peppery sauce with a blend of aromatic spices, giving it a fiery and fragrant taste.&nbsp;",0,3411/Chicken-Pepper-Fry.png,,Starters,Non- Veg Starters,550,"non-veg,services",,,49
16683010,Chicken Tikka,,"<b>Chicken Tikka</b>&nbsp;consists of marinated, boneless chicken that is cooked in a tandoor (traditional clay oven) or grilled, resulting in a smoky, flavorful, and tender dish.&nbsp;",0,3411/chicken-tikka.jpg,,Starters,Non- Veg Starters,550,"non-veg,services",,,50
16683012,Chili Chicken Dry,,"<b>Chili Chicken Dry</b> is a popular Indo-Chinese dish that features boneless pieces of chicken cooked in a spicy, tangy sauce, with a crispy texture. It’s typically served as an appetizer or a side dish. The dish has a balance of flavors with the heat of chili, the tanginess of soy sauce, and a touch of sweetness.",0,3411/Chili-Chicken-DRy.jpg,,Starters,Non- Veg Starters,550,"non-veg,services",,,51
16683014,Crispy Chicken,,"""Crispy Chicken"" generally refers to chicken that has been cooked in such a way that it has a crispy, crunchy exterior.&nbsp;",0,3411/Crispy-Chicken.jpg,,Starters,Non- Veg Starters,550,"non-veg,services",,,52
16683016,Dragon Chicken,,"Dragon Chicken is a popular spicy Chinese-inspired dish made with deep-fried chicken pieces coated in a tangy, sweet, and spicy sauce, often including ingredients like soy sauce, garlic and chilli..",0,3411/dragon-chicken.jpg,,Starters,Non- Veg Starters,550,"non-veg,services",,,53
16683018,Garlic Chicken Dry,,"<b>Garlic Chicken Dry</b> is a flavorful and aromatic chicken dish that is cooked with an abundance of garlic, giving it a distinct and savory taste. This dish is known for its bold flavors, and it’s perfect as a side dish or appetizer. It features tender chicken pieces tossed in a fragrant garlic sauce with a spicy kick, making it a favorite among garlic lovers.",0,3411/Garlic-chicken.jpg,,Starters,Non- Veg Starters,550,"non-veg,services",,,54
16683020,Grilled Chicken (Half),,"<b>Grilled Chicken</b> is a simple, flavorful dish that can be made with a variety of marinades and seasonings. Whether you're using boneless chicken breasts, thighs, or even whole chicken, grilling brings out a smoky, tender, and juicy texture.",0,3411/Grilled-Chicken.jpg,,Starters,Non- Veg Starters,450,"non-veg,services",,,55
16683022,Hariyali Chicken Kebab,,"<b>Hariyali Chicken Kebab</b> is a flavorful and aromatic Indian grilled chicken dish marinated in a green paste made with fresh herbs like mint, coriander, and spinach, along with a variety of spices. The vibrant green marinade imparts a refreshing and mildly spicy taste to the chicken, making it a great appetizer or side dish for any occasion.",0,3411/Chicken-hariyali-kabab-11.jpg,,Starters,Non- Veg Starters,550,"non-veg,services",,,56
16683024,Lemon Chicken Dry,,"<p><b>Lemon Chicken Dry</b> is a tangy and flavorful dish made with tender chicken pieces marinated in a blend of spices and lemon juice, then fried until crispy and tossed in a zesty lemon sauce. The bright, citrusy flavor from the lemon gives the dish a refreshing twist, making it a great appetizer or side dish.</p><p><br></p>",0,3411/Lemon-Chicken.jpg,,Starters,Non- Veg Starters,550,"non-veg,services",,,57
16683026,Tandoori Chicken (Half),,"<span style=""font-weight: 700; color: rgb(68, 68, 68); font-family: &quot;Helvetica Neue&quot;, Helvetica, Arial, sans-serif; font-size: 15px; background-color: rgb(240, 240, 240);"">Tandoori Chicken</span><span style=""color: rgb(68, 68, 68); font-family: &quot;Helvetica Neue&quot;, Helvetica, Arial, sans-serif; font-size: 15px; background-color: rgb(240, 240, 240);"">&nbsp;is a famous Indian dish where chicken is marinated in a blend of yogurt, spices, and herbs, and then traditionally cooked in a tandoor (clay oven). The result is a tender, juicy chicken with a smoky flavor and a beautiful red-orange color.</span>",0,3411/Tandoori-Chicken.jpg,,Starters,Non- Veg Starters,450,"non-veg,services",,,58
16683028,Mutton Pepper Fry,,"<p><b>Mutton Pepper Fry</b> is a rich and flavorful South Indian dish made with tender mutton pieces cooked in a spicy, aromatic pepper-based sauce. It’s known for its bold, peppery flavor, and is often served as a dry dish with a hint of heat from freshly ground black pepper.&nbsp;</p>",0,3411/Mutton-Pepper-Fry.jpg,,Starters,Non- Veg Starters,550,"non-veg,services",,,59
16683030,Chilli Fish Dry,,"<b>Chilli Fish Dry</b> is a popular dish made with fish fillets that are fried until crispy and then tossed in a spicy, tangy, and slightly sweet sauce with vegetables. The dish is a perfect balance of heat, flavor, and crispiness, making it a great appetizer or side dish.",0,3411/Chilli-Fish-DRy.jpg,,Starters,Non- Veg Starters,550,"non-veg,services",,,60
16683032,Nethili Fry,,"<b>Nethili Fry</b> is a popular and flavorful South Indian dish made with <b>anchovies</b> (locally known as Nethili), which are marinated with a blend of spices and fried until crispy. The crispy anchovies are packed with bold flavors, making it a perfect accompaniment to rice, or enjoyed as a snack.",0,3411/Nethili-Fry.jpg,,Starters,Non- Veg Starters,500,"non-veg,services",,,61
16683034,Fish 65,,"<b>Fish 65</b> is a flavorful, spicy, and crispy dish made with fish fillets that are marinated in a mixture of spices, then deep-fried to perfection. It’s a popular appetizer and is known for its fiery flavors and crunchy texture.&nbsp;",0,3411/Fish-65.jpg,,Starters,Non- Veg Starters,500,"non-veg,services",,,62
16683036,Fish Manchurian,,"<p><b>Fish Manchurian</b> is a popular Indo-Chinese dish where fish fillets are battered, deep-fried, and then tossed in a flavorful, tangy, and spicy Manchurian sauce. The dish is crispy on the outside, tender on the inside, and bursting with flavors from soy sauce, vinegar, and aromatic spices.</p><p><br></p>",0,3411/Fish-Manchurian.jpg,,Starters,Non- Veg Starters,550,"non-veg,services",,,63
16683038,Garlic Prawns,,"<b>Garlic Prawns</b> is a delicious and flavorful dish where prawns are cooked with lots of garlic, butter, and aromatic spices. It’s a simple yet elegant dish that's perfect as an appetizer or a main course.",0,3411/Garlic-butter-prawns.jpg,,Starters,Non- Veg Starters,605,"non-veg,services",,,64
16683040,Prawns 65,,"<b>Prawns 65</b> is a popular and spicy South Indian appetizer made with marinated prawns that are deep-fried to crispy perfection. It's known for its bold flavors, with a mix of spices and a tangy kick.&nbsp;",0,3411/prawn-65.jpg,,Starters,Non- Veg Starters,605,"non-veg,services",,,65
16683042,Chili Prawns Dry,,"<p><b>Chili Prawns Dry</b>&nbsp;made with juicy prawns stir-fried in a flavorful and spicy chili sauce. The dish is dry, meaning it doesn't have much gravy, and is known for its crispy texture and bold flavors. The prawns are marinated, coated in a batter, fried, and then tossed in a spicy, tangy sauce made with soy sauce, chili sauce, and aromatic ingredients.</p><p><br></p>",0,3411/Chilli-Prawns-Dry.jpg,,Starters,Non- Veg Starters,605,"non-veg,services",,,66
16683044,Prawns Manchurian,,"<b>Prawns Manchurian</b> is a popular dish made with prawns that are coated in a seasoned batter, deep-fried, and then tossed in a flavorful, spicy, and tangy Manchurian sauce. It’s typically served as a starter or appetizer and is loved for its crispy texture and deliciously tangy sauce.",0,3411/Prawns-Manchurian.jpg,,Starters,Non- Veg Starters,605,"non-veg,services",,,67
16683046,Prawns Pepper Fry,,<b>Prawns Pepper Fry</b> is a popular South Indian dish that features succulent prawns cooked in a flavorful pepper-based masala.&nbsp;,0,3411/Prawn-pepper-fry.jpeg,,Starters,Non- Veg Starters,605,"non-veg,services",,,68
16683048,Crab Lollipop,,"Crab Lollipop is a delicious and creative appetizer made from crab meat, which is marinated with spices, shaped into lollipop-like portions, and deep-fried to a crispy golden perfection.&nbsp;",0,3411/Crab-Lollipop.jpeg,,Starters,Non- Veg Starters,605,"non-veg,services",,,69
16683050,Squid 65,,"<b>Squid 65</b> is a popular and flavorful South Indian appetizer made with squid (calamari) pieces marinated in a spicy and tangy mixture, then deep-fried until crispy. It’s a perfect snack for seafood lovers, often served with a side of onion rings and a lemon wedge.&nbsp;",0,3411/Squid-65.jpg,,Starters,Non- Veg Starters,585,"non-veg,services",,,70
16683052,Squid Pepper Fry,,"Squid Pepper Fry is a flavorful and spicy seafood dish.It's made by frying squid pieces in a mixture of aromatic spices and fresh black pepper.&nbsp; This dish is bursting with flavors from the black pepper and spices, with tender squid pieces creating a delicious contrast.&nbsp;",0,3411/Squid-Pepper-Fry.jpeg,,Starters,Non- Veg Starters,605,"non-veg,services",,,71
16683054,Chili Squid spl,,"<b>Chili Squid Special</b> is a flavorful, spicy, and savory dish featuring tender squid stir-fried with a variety of aromatic spices, vegetables, and a fiery chili sauce.",0,3411/Chili-squid-Spl..jpg,,Starters,Non- Veg Starters,585,"non-veg,services",,,72
16703326,Grilled Chicken (Full),,"<b>Grilled Chicken</b> is a simple, flavorful dish that can be made with a variety of marinades and seasonings. Whether you're using boneless chicken breasts, thighs, or even whole chicken, grilling brings out a smoky, tender, and juicy texture.",0,3411/Grill-chicken.jpg,,Starters,Non- Veg Starters,835,"non-veg,services",,,205
16703327,Tandoori Chicken (Full),,"<b>Tandoori Chicken</b> is a famous Indian dish where chicken is marinated in a blend of yogurt, spices, and herbs, and then traditionally cooked in a tandoor (clay oven). The result is a tender, juicy chicken with a smoky flavor and a beautiful red-orange color.",0,3411/Tandoori-Chicken.jpg,,Starters,Non- Veg Starters,835,"non-veg,services",,,206
16703328,BBQ Pepper (Half),,"<span style=""font-weight: 700; color: rgb(68, 68, 68); font-family: &quot;Helvetica Neue&quot;, Helvetica, Arial, sans-serif; font-size: 15px; background-color: rgb(240, 240, 240);"">BBQ Pepper</span><span style=""color: rgb(68, 68, 68); font-family: &quot;Helvetica Neue&quot;, Helvetica, Arial, sans-serif; font-size: 15px; background-color: rgb(240, 240, 240);"">&nbsp;typically refers to a dish where&nbsp;</span><span style=""font-weight: 700; color: rgb(68, 68, 68); font-family: &quot;Helvetica Neue&quot;, Helvetica, Arial, sans-serif; font-size: 15px; background-color: rgb(240, 240, 240);"">peppers</span><span style=""color: rgb(68, 68, 68); font-family: &quot;Helvetica Neue&quot;, Helvetica, Arial, sans-serif; font-size: 15px; background-color: rgb(240, 240, 240);"">&nbsp;are grilled or barbecued. Grilled peppers are often marinated to enhance their flavor, and they can be served as a side dish, a topping, or as part of a larger BBQ platter.</span>",0,3411/Pepper-BBQ-Chicken-Full.jpg,,Starters,Non- Veg Starters,450,"non-veg,services",,,207
16703329,BBQ Pepper (Full),,"<b>BBQ Pepper</b> typically refers to a dish where <b>peppers</b>&nbsp;are grilled or barbecued. Grilled peppers are often marinated to enhance their flavor, and they can be served as a side dish, a topping, or as part of a larger BBQ platter.",0,3411/Pepper-BBQ-Chicken-Full.jpg,,Starters,Non- Veg Starters,835,"non-veg,services",,,208
16703330,BBQ Afghan (Half),,"<span style=""font-weight: 700; color: rgb(68, 68, 68); font-family: &quot;Helvetica Neue&quot;, Helvetica, Arial, sans-serif; font-size: 15px; background-color: rgb(240, 240, 240);"">BBQ Afghan</span><span style=""color: rgb(68, 68, 68); font-family: &quot;Helvetica Neue&quot;, Helvetica, Arial, sans-serif; font-size: 15px; background-color: rgb(240, 240, 240);"">&nbsp;refers to a delicious, traditional Afghan-style barbecue, which is grilled over an open flame.</span>",0,3411/bbq-afghan.jpg,,Starters,Non- Veg Starters,450,"non-veg,services",,,209
16703331,BBQ Afghan (Full),,"<b>BBQ Afghan</b>&nbsp;refers to a delicious, traditional Afghan-style barbecue, which is grilled over an open flame.",0,3411/bbq-afghan.jpg,,Starters,Non- Veg Starters,835,"non-veg,services",,,210
16703332,BBQ Alfaham (Full),,"<span style=""color: rgb(68, 68, 68); font-family: &quot;Helvetica Neue&quot;, Helvetica, Arial, sans-serif; font-size: 15px; background-color: rgb(240, 240, 240);"">BBQ Alfaham : The chicken is marinated in a mixture of spices, yogurt, and herbs, then slow-cooked until tender and flavorful with a smoky finish.</span>",0,3411/BBQ---ALFaham.jpg,,Starters,Non- Veg Starters,835,"non-veg,services",,,211
16703333,BBQ Alfaham (Half),,"BBQ Alfaham : The chicken is marinated in a mixture of spices, yogurt, and herbs, then slow-cooked until tender and flavorful with a smoky finish.&nbsp;",0,3411/BBQ---ALFaham.jpg,,Starters,Non- Veg Starters,450,"non-veg,services",,,212
16683056,Aloo Gobi Masala,,"<b>Aloo Gobi Masala</b> is a popular Indian vegetarian dish made with <b>potatoes (aloo)</b> and <b>cauliflower (gobi)</b> in a rich, spiced tomato-based gravy. It's a flavorful and comforting curry that's perfect for pairing with naan, roti, or rice. The dish is packed with aromatic spices, making it a delicious and satisfying meal.",0,3411/Aloo-Gopi-Masala.jpg,,Main Course,Veg Main Course,340,"veg,services",,,73
16683058,Dal Fry,,"<p><b>Dal Fry</b> is a delicious and flavorful Indian dish made with cooked lentils (usually toor dal or moong dal) that are sautéed in a tempering (tadka) of ghee or oil, along with aromatic spices, onions, tomatoes, and garlic.&nbsp;</p><p><br></p>",0,3411/Dal-Fry.jpg,,Main Course,Veg Main Course,310,"veg,services",,,74
16683060,Dal Tadka,,<b>Dal Tadka</b> is a popular and comforting Indian lentil dish made from cooked yellow lentils&nbsp;that are tempered with ghee or oil and a mixture of aromatic spices.&nbsp;,0,3411/Dhal-Tadka.jpg,,Main Course,Veg Main Course,310,"veg,services",,,75
16683062,Kadai Paneer,,"<p data-pm-slice=""1 1 []"">Kadai Paneer is a dish made with paneer cooked in a spicy, tangy, and aromatic gravy made with freshly ground spices and bell peppers (capsicum). The dish is cooked in a traditional ""kadai"" (a wok-like pan) that adds a smoky flavor, and it’s known for its rich, flavorful sauce and the slightly crunchy texture of the bell peppers.</p>",0,3411/kadai-paneer.jpg,,Main Course,Veg Main Course,445,"veg,services",,,76
16683064,"Kadai veg,service",,"<p><b>Kadai Veg</b> (also known as <b>Kadai Vegetable</b>) is a flavorful and aromatic Indian dish made with mixed vegetables cooked in a spicy, tangy, and slightly smoky tomato-based gravy.&nbsp; The unique flavor of Kadai Veg comes from the freshly ground spices, which give the dish its signature taste.</p><p><br></p>",0,3411/Veg-Kadai-Recipe.jpg,,Main Course,Veg Main Course,340,"veg,services",,,77
16683066,Kaju Masala,,"<ul><li><b>Kaju Masala</b> is a rich, flavorful, and indulgent Indian curry made with cashew nuts (kaju) cooked in a spiced tomato-based gravy. The cashews are often roasted or fried to give them a slight crunch before being added to the gravy, which enhances their flavor.</li></ul>",0,3411/Kaju-Masala.jpg,,Main Course,Veg Main Course,465,"veg,services",,,78
16683068,Methi Malai Paneer,,"<b>Methi Malai Paneer</b> is a rich and creamy Indian dish made with fresh paneer and fenugreek leaves (methi), cooked in a luxurious gravy with cream and mild spices. The slightly bitter taste of methi beautifully balances the richness of the cream, creating a delicious contrast that makes&nbsp;this dish a favorite for many!!!",0,3411/Methi_Malai_Paneer_.jpg,,Main Course,Veg Main Course,500,"veg,services",,,79
16683070,"Mixed veg,service Masala",,"<b>Mixed Vegetable Masala</b> is a hearty, flavorful dish made with a variety of vegetables cooked in a spiced, aromatic masala gravy.&nbsp;",0,3411/mixed-vegetable-curry.jpg,,Main Course,Veg Main Course,340,"veg,services",,,80
16683072,Mushroom Masala,,"<b>Mushroom Masala</b> is a flavorful and hearty vegetarian curry made with mushrooms cooked in a spiced, creamy tomato-based gravy. This dish is popular in Indian cuisine for its earthy, rich taste and is a perfect choice for those who love mushrooms.&nbsp;",0,3411/Mushroom-Masala.jpg,,Main Course,Veg Main Course,380,"veg,services",,,81
16683074,Paneer Butter Masala,,"<b>Paneer Butter Masala</b> is a classic dish that is rich, creamy, and full of flavor. It consists of soft, spongy paneer cubes cooked in a velvety smooth tomato-based gravy with butter and cream. The slightly tangy and mildly spiced gravy, combined with the richness of butter and cream.",0,3411/paneer-butter-masala.jpg,,Main Course,Veg Main Course,465,"veg,services",,,82
16683076,Paneer Dilruba,,"<b>Paneer Dilruba</b> is a delicious and rich vegetarian dish that features paneer in a creamy, mildly spiced gravy. This dish is perfect for special occasions or a luxurious treat, as it has a delicate balance of spices, cream, and flavor that makes it irresistible.",0,3411/paneer-dilruba-.jpg,,Main Course,Veg Main Course,500,"veg,services",,,83
16683078,Paneer Tikka Masala,,"<b>Paneer Tikka Masala</b>&nbsp;made with marinated paneer cubes that are grilled or baked until charred and then simmered in a rich and creamy spiced gravy. This dish is flavorful and aromatic, featuring a wonderful blend of spices in the sauce, which complements the smoky, tender paneer.",0,3411/Paneer-tikka-masala.jpg,,Main Course,Veg Main Course,500,"veg,services",,,84
16683080,Veg Chettinad,,"<b>Veg Chettinad</b> is a flavorful and aromatic South Indian dish known for its bold spices and unique cooking techniques, Chettinad cuisine features a variety of spices like fennel, cinnamon, cardamom, and star anise, which give dishes a rich depth of flavor.&nbsp;",0,3411/Veg-Chettinad.jpg,,Main Course,Veg Main Course,340,"veg,services",,,85
16683082,Baby Corn Manchurian Gravy,,"<b>Baby Corn Manchurian Gravy</b> is a dish where crispy, batter-fried baby corn is tossed in a flavorful, spicy, and tangy gravy. It's a perfect combination of crispy baby corn and a flavorful sauce, making it a popular vegetarian choice.&nbsp;",0,3411/Baby-Corn-manchurian-Gravy.jpg,,Main Course,Veg Main Course,465,"veg,services",,,86
16683084,Chilli Baby Corn Gravy,,"<b>Chilli Baby Corn Gravy</b>&nbsp;made with tender baby corn, which is battered, deep-fried, and then tossed in a spicy, tangy, and flavorful gravy. The crispy texture of the baby corn, combined with the aromatic and spicy gravy, makes this dish a hit.&nbsp;",0,3411/Chilli-Baby-Corn-Gravy.jpg,,Main Course,Veg Main Course,465,"veg,services",,,87
16683086,Chilli Mushroom Gravy,,"<b>Chilli Mushroom Gravy</b> is a delicious dish where mushrooms are coated in a crispy batter and then tossed in a spicy, tangy gravy. The mushrooms soak up the flavors of the sauce while maintaining their unique texture, making this dish a hit among all ages. I",0,3411/Mushroom-chilli-Gravy.jpg,,Main Course,Veg Main Course,415,"veg,services",,,88
16683088,Chilli Paneer Gravy,,"<b>Chilli Paneer Gravy</b>&nbsp;made with paneer cubes that are coated in a batter, deep-fried until crispy, and then tossed in a spicy, tangy gravy. The dish has a perfect balance of flavors — the heat from the chilies, the tanginess from the sauces, and the richness of the paneer.",0,3411/Chilli-Paneer-Gravy.jpg,,Main Course,Veg Main Course,500,"veg,services",,,89
16683090,Gobi Manchurian Gravy,,"<b>Gobi Manchurian Gravy</b>&nbsp;made with cauliflower (gobi) florets that are deep-fried until crispy and then tossed in a flavorful, tangy, and spicy gravy. The combination of crispy cauliflower and the bold flavors of soy sauce, chili sauce, and garlic gives it a unique and irresistible taste.",0,3411/Gopi-Manchurian-Gravy.jpg,,Main Course,Veg Main Course,415,"veg,services",,,90
16683092,Mushroom Manchurian Gravy,,"<b>Mushroom Manchurian Gravy</b> is a delicious dish where mushrooms are coated in a crispy batter, then tossed in a flavorful, tangy, and spicy gravy.",0,3411/MUSH-MANCHU-GRVY.jpg,,Main Course,Veg Main Course,415,"veg,services",,,91
16683094,Paneer Manchurian Gravy,,"<b>Paneer Manchurian Gravy</b>&nbsp;made with crispy paneer cubes tossed in a flavorful and spicy gravy. The dish combines the tanginess of soy sauce, the heat from green chilies, and the sweetness from ketchup, all balanced with aromatic spices.&nbsp;",0,3411/Paneer-Manchurian-Gravy.jpg,,Main Course,Veg Main Course,500,"veg,services",,,92
16683096,Egg Bhurji,,"<b>Egg Bhurji</b>, also known as <b>Indian Scrambled Eggs</b>, is a popular and flavorful dish made with eggs, onions, tomatoes, green chilies, and aromatic spices.&nbsp;",0,3411/Egg-Bhurji.jpg,,Main Course,Non-Veg Main Course,170,"egg,services",,,93
16683098,Chicken Butter Masala,,"<b>Chicken Butter Masala</b>,is a popular Indian dish made with tender chicken cooked in a creamy, buttery tomato-based gravy. It's a rich and flavorful dish that combines the sweetness of butter with the tang of tomatoes, along with a blend of aromatic spices.&nbsp;",0,3411/chicken-butter-masala.jpg,,Main Course,Non-Veg Main Course,520,"non-veg,services",,,94
16683100,Chicken Chettinad,,"<b>Chicken Chettinad</b> is a spicy and aromatic dish from the Chettinad region of Tamil Nadu, known for its bold use of spices. It features a blend of freshly roasted and ground spices, including black pepper, cinnamon, fennel, and cardamom, giving it a distinctive flavor.&nbsp;",0,3411/ChickenChettinad.jpg,,Main Course,Non-Veg Main Course,500,"non-veg,services",,,95
16683102,Chicken Punjabi,,"<b>Chicken Punjabi</b> is a classic North Indian chicken curry known for its rich, flavorful, and mildly spicy gravy. The dish is packed with aromatic spices like garam masala, cumin, coriander, and often incorporates tomatoes, onions, and ginger-garlic paste to create a thick, delicious gravy.&nbsp;",0,3411/Chicken-Punjabi.jpg,,Main Course,Non-Veg Main Course,500,"non-veg,services",,,96
16683104,Chicken Hyderabadi,,"<b>Chicken Hyderabadi</b> is a rich and flavorful dish from the Hyderabadi cuisine, known for its aromatic spices, tender chicken, and unique cooking style. It's typically made using marinated chicken cooked in a blend of spices, yogurt, and herbs, offering a rich, slightly tangy, and spiced gravy.&nbsp;",0,3411/Hyderabadi-chicken.jpg,,Main Course,Non-Veg Main Course,500,"non-veg,services",,,97
16683106,Chicken Pepper Masala,,"<b>Chicken Pepper Masala</b> is a flavorful and spicy dish made with tender chicken pieces cooked in a peppery, aromatic gravy. The dish is a perfect blend of spices, including freshly ground black pepper, which gives it a unique kick.",0,3411/pepper-chicken-masala.jpg,,Main Course,Non-Veg Main Course,500,"non-veg,services",,,98
16683108,Chicken Kolhapuri,,"<b>Chicken Kolhapuri</b> is a spicy, flavorful, and aromatic dish known for its fiery heat and bold flavors, this chicken curry is made using a variety of roasted spices and herbs.&nbsp;",0,3411/Chicken-Kolhapuri.jpg,,Main Course,Non-Veg Main Course,550,"non-veg,services",,,99
16683110,Chicken Manchurian Gravy,,"<b>Chicken Manchurian Gravy</b>&nbsp;made with crispy chicken chunks tossed in a flavorful, savory, and slightly sweet gravy. This dish is known for its bold flavors, combining soy sauce, ginger, garlic, and green chilies.&nbsp;",0,3411/chicken_manchurian_gravy.png,,Main Course,Non-Veg Main Course,500,"non-veg,services",,,100
16683112,Chicken Rogan Josh,,"<b>Chicken Rogan Josh&nbsp;</b>is a flavorful and aromatic dish made with chicken is delicious and filled with rich spices.. The dish is characterized by a deep, red-colored gravy made with yogurt, various spices, and a touch of Kashmiri chili powder, which imparts a beautiful color and subtle heat.",0,3411/Chicken-rogan-josh.jpg,,Main Course,Non-Veg Main Course,520,"non-veg,services",,,101
16683114,Chicken Tikka Masala,,"<b>Chicken Tikka Masala&nbsp;</b>consists of succulent pieces of chicken marinated in yogurt and spices, grilled or cooked, and then simmered in a rich, creamy tomato-based gravy with aromatic spices.",0,3411/Chicken-Tikka-Masala.jpg,,Main Course,Non-Veg Main Course,550,"non-veg,services",,,102
16683116,Garlic Chicken Gravy,,"<b>Garlic Chicken Gravy</b> is a flavorful and aromatic dish where chicken is cooked in a rich, garlicky gravy made with a mix of spices. The garlic flavor dominates the dish, making it a perfect choice for garlic lovers.&nbsp;",0,3411/Garlic-Chicken-Gravy.jpg,,Main Course,Non-Veg Main Course,500,"non-veg,services",,,103
16683118,Kadai Chicken,,"<b>Kadai Chicken</b> is a flavorful, aromatic, and spicy dish. It is made with chicken cooked in a wok-like pan called a ""kadai"" with fresh spices, tomatoes, bell peppers, and onions. The key to its flavor is the use of a freshly ground spice mix, giving it a unique and vibrant taste.",0,3411/kadai-Chicken.jpg,,Main Course,Non-Veg Main Course,500,"non-veg,services",,,104
16683120,Ginger Chicken Gravy,,"<b>Ginger Chicken Gravy</b> is a flavorful dish where tender chicken is cooked in a rich, aromatic gravy made with fresh ginger and other spices. The ginger imparts a sharp, zesty flavor that pairs beautifully with the savory chicken, making it a delicious and comforting dish.&nbsp;",0,3411/Chilli-Chicken-Gravy.jpg,,Main Course,Non-Veg Main Course,500,"non-veg,services",,,105
16683122,Pepper Chicken Gravy,,"<b>Pepper Chicken Gravy</b> is a flavorful and aromatic dish made with tender chicken pieces, cooked in a spicy and aromatic pepper sauce.&nbsp;",0,3411/Pepper-Chicken-Gravy.jpg,,Main Course,Non-Veg Main Course,550,"non-veg,services",,,106
16683124,Chilli Chicken Gravy,,"<b>Chilli Chicken Gravy</b> is a popular dish known for its bold, spicy, and tangy flavors. The chicken is cooked in a flavorful sauce made with soy sauce, vinegar, and a variety of spices, creating a delicious gravy.",0,3411/Chilli-Chicken-Gravy.jpg,,Main Course,Non-Veg Main Course,500,"non-veg,services",,,107
16683126,Kadai Mutton,,"<b>Kadai Mutton</b> is a popular and delicious North Indian dish, made with tender mutton cooked in a wok-like pan called a ""kadai."" It’s a flavorful, dry curry that features mutton cooked with tomatoes, onions, and a mix of spices.&nbsp;",0,3411/Kadai-Mutton.jpg,,Main Course,Non-Veg Main Course,585,"non-veg,services",,,108
16683128,Mutton Chettinad,,"<b>Mutton Chettinad</b> is a popular, spicy, and aromatic dish from the Chettinad region of Tamil Nadu, India. Known for its bold flavors, the dish is made with tender mutton pieces cooked in a rich, spicy gravy featuring a blend of freshly ground Chettinad spices.&nbsp;",0,3411/Mutton-Chettinad.jpg,,Main Course,Non-Veg Main Course,585,"non-veg,services",,,109
16683130,Mutton Do Pyaaza,,"<b>Mutton Do Pyaaza</b> is a flavorful and aromatic dish from Indian cuisine, known for its rich, spicy gravy and tender mutton pieces. The name ""Do Pyaaza"" refers to the use of two different types of onions in the recipe. It is a perfect blend of spices, onions, and slow-cooked mutton.",0,3411/Mutton-Do-Pyaza.jpg,,Main Course,Non-Veg Main Course,585,"non-veg,services",,,110
16683132,Mutton Hyderabadi,,"<p></p><p>&nbsp;This dish is made with tender mutton, fragrant basmati rice, and a blend of aromatic spices that give it its distinct taste. The preparation involves marinating the mutton with yogurt, ginger, garlic, and a variety of spices such as cumin, coriander, cinnamon, cloves, and cardamom.&nbsp;</p>",0,3411/Mutton-Hyderabadi.jpg,,Main Course,Non-Veg Main Course,585,"non-veg,services",,,111
16683134,Mutton Pepper Masala,,"<p><b>Mutton Pepper Masala</b> is a flavorful and spicy dish where tender mutton is cooked in a thick, peppery gravy with aromatic spices. The key ingredient, black pepper, gives it a distinctive warmth and a spicy kick. This dish is perfect for those who love bold flavors and want to enjoy mutton with a twist of heat from pepper.</p><p><br></p>",0,3411/Mutton-Pepper-masala.jpg,,Main Course,Non-Veg Main Course,585,"non-veg,services",,,112
16683136,Mutton Punjabi,,"<b>Mutton Punjabi</b> is a classic and flavorful dish from Punjab, known for its rich and aromatic gravy made with a variety of spices, tomatoes, and yogurt. The mutton is cooked until tender and absorbs all the flavors of the spices, making it a delicious dish.",0,3411/Mutton-Punjabi.jpg,,Main Course,Non-Veg Main Course,585,"non-veg,services",,,113
16683138,Chilli Mutton Gravy,,"<p><b>Chilli Mutton Gravy</b> is a spicy and flavorful dish, perfect for those who love heat and savory flavors. It combines tender mutton cooked in a tangy, spicy gravy made with green chilies, red chili powder, and a variety of aromatic spices.&nbsp;</p>",0,3411/Chilli-Mutton-Gravy.jpg,,Main Course,Non-Veg Main Course,600,"non-veg,services",,,114
16683140,Ginger Mutton Gravy,,"<b>Ginger Mutton Gravy</b> is a flavorful, aromatic dish where mutton is cooked in a spiced gravy with a significant amount of ginger, which provides a distinct warm, zesty flavor. This dish is perfect for those who love the taste of ginger and enjoy spicy, rich gravies.&nbsp;",0,3411/Ginger-mutton-gravy.jpg,,Main Course,Non-Veg Main Course,600,"non-veg,services",,,115
16683142,Mutton Rogan Josh,,"<b>Mutton Rogan Josh</b> is a rich and aromatic dish. The mutton is slow-cooked in a sauce made from a blend of spices, yogurt, and a variety of fragrant ingredients, resulting in a tender, flavorful, and mildly spicy curry.&nbsp;",0,3411/Mutton-Rogan-Jush.jpg,,Main Course,Non-Veg Main Course,585,"non-veg,services",,,116
16683144,Mutton Sukka,,"<b>Mutton Sukka</b> is a dry, flavorful, and spicy mutton dish popular in South Indian cuisine. It features tender mutton cooked in a spicy, aromatic masala, with minimal gravy, allowing the meat to absorb all the flavors and become intensely flavorful.",0,3411/Mutton-sukka.jpg,,Main Course,Non-Veg Main Course,550,"non-veg,services",,,117
16683146,Garlic Mutton Gravy,,"Garlic Mutton Gravy is a flavorful and aromatic dish made with tender mutton cooked in a rich, spicy gravy infused with the robust flavor of garlic.&nbsp;",0,3411/Garlic-Mutton-Gravy.jpg,,Main Course,Non-Veg Main Course,600,"non-veg,services",,,118
16683148,Mutton Manchurian Gravy,,"<b>Mutton Manchurian Gravy</b> is a delicious dish where tender mutton pieces are cooked in a rich, tangy, and spicy gravy with a perfect balance of flavors. The gravy is made with soy sauce, chili sauce, and aromatic spices that complement the mutton.&nbsp;",0,3411/Gravy-Mutton-Manchurian.jpg,,Main Course,Non-Veg Main Course,600,"non-veg,services",,,119
16683150,Fish Chettinad,,"<b>Fish Chettinad</b> is a flavorful and spicy fish curry from the Chettinad region of Tamil Nadu, South India. It is known for its aromatic spices and bold flavors, with the fish simmered in a rich and spicy gravy made with freshly ground Chettinad masala.",0,3411/Fish-Chettinad.jpg,,Main Course,Non-Veg Main Course,600,"non-veg,services",,,120
16683152,Garlic Fish Gravy,,"<b>Garlic Fish Gravy</b> is a delicious and aromatic dish made with fish pieces cooked in a flavorful gravy infused with garlic and spices. The garlic adds a wonderful depth of flavor, while the other ingredients enhance the richness of the curry.",0,3411/fish-curry-recipe.jpg,,Main Course,Non-Veg Main Course,585,"non-veg,services",,,121
16683154,Fish Curry,,<b>Fish Curry</b> is a delightful and flavorful dish made with fish simmered in a rich and aromatic gravy made with spices.,0,3411/Fish-Curry.jpg,,Main Course,Non-Veg Main Course,585,"non-veg,services",,,122
16683156,Fish Manchurian Gravy,,"<b>Fish Manchurian Gravy</b> is a delicious dish where crispy fish pieces are coated in a flavorful, tangy, and spicy gravy. The combination of soy sauce, chili sauce, and spices creates a rich and savory sauce that perfectly complements the crispy fish.&nbsp;",0,3411/Fish-manchurian-gravy.jpg,,Main Course,Non-Veg Main Course,565,"non-veg,services",,,123
16683158,Chilli Fish Gravy,,"<b>Chilli Fish Gravy</b> is a popular dish made with fish fillets cooked in a flavorful, tangy, and spicy gravy. It's a perfect combination of savory and spicy.",0,3411/Chilli-Fish-Gravy.jpg,,Main Course,Non-Veg Main Course,565,"non-veg,services",,,124
16683160,Prawns Chettinad,,"<b>Prawns Chettinad</b> is a flavorful and spicy South Indian curry from the Chettinad region of Tamil Nadu. It is known for its bold spices, aromatic herbs, and rich gravy made with roasted spices, coconut, and tamarind.&nbsp;",0,3411/Chettinad-Prawn-Curry.jpg,,Main Course,Non-Veg Main Course,600,"non-veg,services",,,125
16683162,Prawns Curry,,"<b>Prawns Curry</b> is a delicious and aromatic dish made with prawns cooked in a rich, flavorful gravy.&nbsp;The combination of spices&nbsp;makes this curry a comforting dish, perfect with rice or roti.",0,3411/Prawns-Curry.jpg,,Main Course,Non-Veg Main Course,600,"non-veg,services",,,126
16683164,Kadai Prawns,,"<b>Kadai Prawns</b> is a flavorful and spicy Indian seafood dish made with prawns cooked in a rich, aromatic masala and served with bell peppers and onions.&nbsp;",0,3411/Kadai-Prawns.jpg,,Main Course,Non-Veg Main Course,600,"non-veg,services",,,127
16683166,Garlic Prawns Gravy,,"<b>Garlic Prawns Gravy</b> is a flavorful and aromatic dish made with prawns cooked in a rich, garlicky gravy.&nbsp;The bold garlic flavor, combined with spices, creates a mouthwatering dish that is sure to impress. &nbsp;",0,3411/Garlic-Prawns-Curry.jpg,,Main Course,Non-Veg Main Course,585,"non-veg,services",,,128
16683168,Prawns Manchurian Gravy,,"Prawns Manchurian Gravy is a popular Indo-Chinese dish made with prawns, cooked in a spicy, tangy, and savory gravy.",0,3411/Prawns-Manchurian-Gravy.jpg,,Main Course,Non-Veg Main Course,585,"non-veg,services",,,129
16683170,Chilli Prawns Gravy,,"<b>Chili Prawns Gravy</b> is a popular and flavorful dish&nbsp;and known for its spicy, tangy, and savory profile. This dish features <b>prawns</b> cooked in a rich and aromatic <b>gravy</b>, made with ingredients like <b>ginger</b>, <b>garlic</b>, and <b>onions</b>.",0,3411/Prawn-Gravy.jpg,,Main Course,Non-Veg Main Course,585,"non-veg,services",,,130
16683172,Prawns Pepper Masala,,"<b>Prawns Pepper Masala</b> is a spicy and flavorful South Indian dish made with prawns cooked in a pepper-based masala. The dish is known for its bold flavors, with the heat from black pepper balanced by aromatic spices and fresh herbs.&nbsp;",0,3411/11.JPG,,Main Course,Non-Veg Main Course,600,"non-veg,services",,,131
16683176,Butter Naan,,"<b>Butter Naan</b> is a popular and indulgent variant of the traditional <b>naan</b>, which is a leavened flatbread typically made with <b>all-purpose flour</b> (maida).",0,3411/Butter-Naan.jpeg,,Breads,Breads,140,"veg,services",,,133
16683178,Chapati,,"<p data-pm-slice=""1 1 []"">Chapati (also known as roti) is a traditional Indian flatbread made with whole wheat flour. It is an essential part of many Indian meals and is often served alongside curries, dal, vegetables, or meat dishes.&nbsp;</p>",0,3411/chapati_-500x500.jpg,,Breads,Breads,65,"veg,services",,,134
16683180,Cheese Naan,,"<b>Cheese Naan</b> is a delicious variation of the traditional <b>naan</b> that is stuffed with <b>melted cheese</b>. It’s soft, fluffy, and has a rich, indulgent flavor that combines the smokiness of naan with the creamy texture of melted cheese.&nbsp;",0,3411/Cheese-Naan.jpg,,Breads,Breads,190,"veg,services",,,135
16683182,Garlic Naan,,"<b>Garlic Naan</b> is a popular Indian flatbread that is made with <b>all-purpose flour</b> (maida) and is flavored with <b>garlic</b>. It’s known for its soft, fluffy texture and the aromatic, savory flavor that the garlic imparts to the bread.",0,3411/garlic-naan-small.jpg,,Breads,Breads,170,"veg,services",,,136
16683184,Kashmiri Naan,,"<b>Kashmiri Naan</b> is a type of <b>Indian flatbread.&nbsp;</b>This naan is unique because it is often <b>stuffed with a sweet and aromatic filling</b>, which makes it stand out from regular naan or even other stuffed naan varieties.&nbsp;",0,3411/Kashmiri-Naan.jpg,,Breads,Breads,210,"veg,services",,,137
16683186,Kulcha,,"It's a <b>soft, slightly chewy bread</b>, often stuffed with a variety of fillings such as <b>paneer</b>, <b>aloo (potatoes)</b>, or <b>onions</b>, and seasoned with <b>cumin</b>, <b>coriander</b>, and other spices.",0,3411/KULCHA.jpg,,Breads,Breads,120,"veg,services",,,138
16683188,2 Phulka,,"<b>Phulka</b> is a traditional, soft Indian flatbread that is made with whole wheat flour. It is a type of roti.&nbsp;The defining feature of phulka is that it is cooked on a tawa (griddle) and then puffed over an open flame, making it light, soft, and airy.",0,3411/pHULKA.jpg,,Breads,Breads,105,"veg,services",,,139
16683190,Plain Naan,,"<b>Plain Naan</b> is a soft, pillowy Indian flatbread. The naan has a slightly crispy exterior and a soft, chewy interior, making it perfect for scooping up curries or for enjoying on its own.",0,3411/PLAIN-NAAN.jpg,,Breads,Breads,115,"veg,services",,,140
16683192,Tandoori Aloo Parotta,,"<b>Tandoori Aloo Parotta</b> is a delicious fusion dish that combines the classic Indian flatbread, <b>parotta</b>, with a spiced <b>aloo (potato)</b> filling, cooked in a <b>tandoor</b> (clay oven) for a smoky flavor. This dish brings together the <b>flaky and soft</b> texture of parotta with the <b>spicy, flavorful potato filling</b>, making it a perfect option for a fulfilling snack or meal.&nbsp;",0,3411/Tandoori-Aloo-Parotta.jpg,,Breads,Breads,160,"veg,services",,,141
16683194,Tandoori Butter Roti,,"<b>Tandoori Butter Roti</b> is a soft, rich, and smoky flatbread that enhances any meal. The addition of <b>butter</b> makes it indulgent, and the <b>tandoor-style</b> cooking gives it that unique smoky flavor.&nbsp;",0,3411/Tandoori-Butter-Roti.jpg,,Breads,Breads,115,"veg,services",,,142
16683196,Tandoori Paneer Parotta,,"<b>Tandoori Paneer Parotta</b> is a delicious and innovative variation of the traditional <b>Tandoori Parotta</b>, stuffed with <b>spiced paneer</b> (Indian cottage cheese). This parotta combines the <b>flaky texture</b> of a parotta with the <b>rich, savory flavor</b> of <b>paneer</b>, cooked in a <b>tandoori style</b>.&nbsp;",0,3411/Tandoori-Paneer-parotta.jpg,,Breads,Breads,160,"veg,services",,,143
16683198,Tandoori Parotta,,"<b>Tandoori Parotta</b> is a popular Indian flatbread that is traditionally cooked in a <b>tandoor</b>, giving it a distinct smoky flavor and a crispy texture.&nbsp;",0,3411/Tandoori-Roti.jpg,,Breads,Breads,145,"veg,services",,,144
16683200,Tandoori Pudina Parotta,,"<b>Tandoori Pudina Parotta</b> is a flavorful and aromatic Indian flatbread, made with <b>mint</b> (pudina), and traditionally cooked in a <b>tandoor</b> (clay oven).&nbsp;The parotta is soft, flaky, and infused with mint leaves, adding a refreshing and aromatic twist.",0,3411/pudina-paratha-mint-paratha-11.jpg,,Breads,Breads,160,"veg,services",,,145
16683202,Tandoori Roti,,"<b>Tandoori Roti</b> is a traditional Indian flatbread, typically cooked in a <b>tandoor</b> (a cylindrical clay oven). This bread is soft, slightly chewy, and has a smoky flavor from the direct heat of the tandoor, making it a popular choice,especially when paired with rich gravies and curries.",0,3411/Tandoori-Roti.jpg,,Breads,Breads,100,"veg,services",,,146
16683204,Cashew Pulao,,"<b>Cashew Pulao</b> is a flavorful, fragrant rice dish made with <b>Basmati rice</b> and <b>cashews</b>, typically seasoned with whole spices.&nbsp;The combination of crispy, roasted cashews and the subtle spices makes it a delightful dish with both texture and flavor.",0,3411/cashew_pulao.jpg,,Rice and Biryani,Rice,360,"veg,services",,,147
16683206,Kashmiri Pulao,,"<b>Kashmiri Pulao</b> is a rich, aromatic, and flavorful rice dish. Known for its beautiful color and delightful sweetness, it’s made with fragrant <b>Basmati rice</b>, <b>nuts</b>, and a mix of <b>spices</b>.",0,3411/kashmiri.pulao.jpg,,Rice and Biryani,Rice,375,"veg,services",,,148
16683208,Mushroom Pulao,,"<b>Mushroom Pulao</b> is a delicious, aromatic rice dish made with <b>mushrooms</b>, <b>spices</b>, and <b>vegetables</b>. It’s a flavorful, one-pot dish that combines the earthy taste of mushrooms with fragrant basmati rice and a blend of spices, making it a great option for a quick lunch or dinner.",0,3411/Mushroom-Pulao.jpg,,Rice and Biryani,Rice,400,"veg,services",,,149
16683210,Paneer Pulao,,"<b>Paneer Pulao</b> is a flavorful and aromatic rice dish made with <b>paneer</b> (Indian cottage cheese), <b>spices</b>, and <b>vegetables</b>.&nbsp;",0,3411/Paneer-Pulao-1-3.jpg,,Rice and Biryani,Rice,445,"veg,services",,,150
16683212,Veg Pulao,,"Veg Pulao is a gentle embrace of comfort and wholesomeness, a dish that celebrates the natural beauty of fresh vegetables and fragrant rice.",0,3411/Veg-pulao.jpg,,Rice and Biryani,Rice,330,"veg,services",,,151
16683214,Jeera Rice,,"<b>Jeera Rice</b> (also known as <b>Cumin Rice</b>) is a simple, aromatic, and flavorful rice dish made by cooking rice with <b>jeera</b> (cumin seeds) and a few spices.",0,3411/Jeera-Rice.jpg,,Rice and Biryani,Rice,325,"veg,services",,,152
16683216,Ghee Rice,,"<b>Ghee Rice</b> is a flavorful and aromatic rice dish prepared by cooking rice with <b>ghee</b>&nbsp;&amp;&nbsp;<b>whole spices.&nbsp;</b>Ghee Rice has a rich, buttery flavor with hints of cardamom, cinnamon, and cloves.",0,3411/ghee-rice-recipe.jpg,,Rice and Biryani,Rice,325,"veg,services",,,153
16683218,Steamed Rice,,"<b>Steamed Rice</b> is a simple, essential side dish that accompanies a wide variety of cuisines.&nbsp;Steamed rice can be made using different methods, but the goal is to ensure the rice is fluffy, non-sticky, and fully cooked.&nbsp;",0,3411/steamed-rice.png,,Rice and Biryani,Rice,125,"veg,services",,,154
16683220,Chicken Biriyani,,"Chicken Biryani is a culinary love letter to the senses—a dish that captivates with its aroma even before the first bite. Each grain of fragrant basmati rice is infused with a symphony of spices, while the tender, succulent chicken melts into the layers of saffron, caramelized onions, and fresh herbs.",0,3411/chicken-biriyani.jpg,,Rice and Biryani,Biriyani,380,"non-veg,services",,,155
16683222,Mutton Biriyani,,"Mutton Biryani is a royal feast for the soul, a dish steeped in tradition and brimming with indulgent flavors. The tender, slow-cooked mutton, marinated in rich spices, melts into the fragrant basmati rice, creating layers of irresistible aroma and taste.",0,3411/Mutton-biriyani.jpg,,Rice and Biryani,Biriyani,500,"non-veg,services",,,156
16683224,Prawns Dum Biriyani,,"Prawn Dum Biryani is a culinary treasure, a dish that embodies elegance and flavor in every layer. The delicate sweetness of the prawns blends harmoniously with the fragrant basmati rice, infused with saffron and a medley of warm, aromatic spices.",0,3411/Prawn-biriyani.jpg,,Rice and Biryani,Biriyani,520,"non-veg,services",,,157
16683226,Baby Corn Fried Rice,,"<b>Baby Corn Fried Rice</b> is a delightful and crunchy variation of traditional fried rice. The baby corn adds a slightly sweet and tender yet crisp texture, making the dish more exciting and flavorful.",0,3411/Baby-Corn-Fried-Rice.jpg,,Fried Rice and Noodles,Fried Rice and Noodles,380,"veg,services",,,158
16683230,Mushroom Fried Rice,,"<b>Mushroom Fried Rice</b> is a flavorful, savory dish made by stir-frying cooked rice with fresh mushrooms, vegetables, and seasonings. The mushrooms add a rich, earthy flavor and a wonderful texture to the dish, making it a perfect choice for both vegetarians and non-vegetarians.",0,3411/Mushroom-Fried-Rice.jpeg,,Fried Rice and Noodles,Fried Rice and Noodles,380,"veg,services",,,160
16683232,Paneer Fried Rice,,"<b>Paneer Fried Rice</b> is a delicious and nutritious variation of the classic fried rice, where <b>paneer</b> (Indian cottage cheese) is added to the mix of rice and vegetables. The paneer enhances the dish with its rich, soft texture and mild flavor, making it a favorite among both vegetarians and non-vegetarians.&nbsp;",0,3411/paneer-fried-rice.jpg,,Fried Rice and Noodles,Fried Rice and Noodles,435,"veg,services",,,161
16683234,Veg Fried Rice,,"<b>Veg Fried Rice</b> is a simple, flavorful, and versatile dish that combines cooked rice with vegetables and seasonings. It’s a popular choice for both vegetarians and non-vegetarians, and it can be customized to suit different tastes.&nbsp;",0,3411/veg-fried-rice-featured.jpg,,Fried Rice and Noodles,Fried Rice and Noodles,360,"veg,services",,,162
16683236,Schezwan Veg Fried Rice,,"<b>Schezwan Veg Fried Rice</b> is a flavorful and spicy variation of traditional fried rice, where the rice is cooked with mixed vegetables and tossed in <b>Schezwan sauce</b>, a popular sauce made from red chilies, garlic, and other spices. This dish is a great choice for spice lovers who enjoy bold, tangy, and savory flavors.&nbsp;",0,3411/schezwan-fried-rice-23.jpg,,Fried Rice and Noodles,Fried Rice and Noodles,380,"veg,services",,,163
16683238,Gobi Fried Rice,,"<b>Gobi Fried Rice</b> is a flavorful and nutritious variation of fried rice made with <b>gobi</b> (cauliflower) as the star ingredient. This dish combines the light, crispy texture of cauliflower with the aromatic and savory flavors of fried rice, making it a perfect choice for vegetarians and those looking to enjoy a healthier, low-carb version of traditional fried rice.",0,3411/Gobi-Fried-Rice.jpg,,Fried Rice and Noodles,Fried Rice and Noodles,380,"veg,services",,,164
16683240,Egg Fried Rice,,<b>Egg Fried Rice</b> is a classic and simple fried rice dish that’s quick to make yet flavorful. It’s often served as a side dish or as a main course for a light meal.&nbsp;,0,3411/egg-fried-rice-1-500x375.jpg,,Fried Rice and Noodles,Fried Rice and Noodles,380,"egg,services",,,165
16683242,Chicken Fried Rice,,"Chicken Fried Rice is a timeless masterpiece of comfort food. Each spoonful is a symphony of flavors—a perfect medley of tender chicken, aromatic rice, crisp vegetables, and savory seasonings.",0,3411/Chicken-fried-rice.jpg,,Fried Rice and Noodles,Fried Rice and Noodles,410,"non-veg,services",,,166
16683244,Schezwan Chicken Fried Rice,,"<b>Schezwan Chicken Fried Rice</b> is a spicy and flavorful dish that combines stir-fried rice with tender chicken pieces and a tangy, fiery Schezwan sauce. This dish is perfect for those who love bold, spicy flavors, and it makes for a great meal when you're craving something savory and zesty.",0,3411/Sezwan-chicken-Fried-Rice.jpg,,Fried Rice and Noodles,Fried Rice and Noodles,450,"non-veg,services",,,167
16683246,Mutton Fried Rice,,"<b>Mutton Fried Rice</b> is a flavorful and hearty variation of the classic fried rice, where tender pieces of mutton (goat meat) are cooked along with stir-fried rice and aromatic spices. This dish is a perfect combination of savory, spicy, and aromatic flavors, making it a favorite among non-vegetarian rice lovers.&nbsp;",0,3411/Mutton-Fried-Rice.jpg,,Fried Rice and Noodles,Fried Rice and Noodles,500,"non-veg,services",,,168
16683248,Fish Fried Rice,,"<b>Fish Fried Rice</b> is a flavorful and hearty dish that combines tender, flaky fish with stir-fried rice and aromatic seasonings. This dish is perfect for seafood lovers, offering a delicious fusion of the savory flavors of fried rice and the delicate taste of fish.&nbsp;",0,3411/Fish-Fried-Rice.jpg,,Fried Rice and Noodles,Fried Rice and Noodles,540,"non-veg,services",,,169
16683250,Prawns Fried Rice,,"Prawns Fried Rice is a masterpiece of simplicity and elegance, where every grain of rice is kissed with the rich flavors of the sea. The plump, juicy prawns bring their natural sweetness, perfectly balanced by the savory notes of soy, garlic, and aromatic spices.",0,3411/prawn-fried-rice.jpg,,Fried Rice and Noodles,Fried Rice and Noodles,540,"non-veg,services",,,170
16683252,Baby Corn Noodles,,"<b>Baby Corn Noodles</b> is a delicious and healthy fusion dish that combines tender baby corn with noodles, making it a delightful meal. The baby corn adds a crisp texture and a slightly sweet flavor that pairs beautifully with the noodles and other vegetables.",0,3411/Baby-Corn-Images.jpg,,Fried Rice and Noodles,Fried Rice and Noodles,380,"veg,services",,,171
16683254,Paneer Noodles,,"<b>Paneer Noodles</b> is a fusion dish that combines the rich, creamy flavor of <b>paneer</b> (Indian cottage cheese) with the familiar, comforting texture of <b>noodles</b>.&nbsp;",0,3411/paneer-noodles.jpg,,Fried Rice and Noodles,Fried Rice and Noodles,435,"veg,services",,,172
16683256,Mushroom Noodles,,"<b>Mushroom Noodles</b> is a flavorful dish that combines the savory umami of mushrooms with the chewy texture of noodles, all tossed in a delicious sauce. The mushrooms add a rich, earthy flavor that pairs beautifully with noodles, making it a satisfying dish.",0,3411/Mushroom-Noodles.jpg,,Fried Rice and Noodles,Fried Rice and Noodles,380,"veg,services",,,173
16683258,Veg Noodles,,<b>Veg Noodles</b> is a delicious and vibrant dish made with stir-fried noodles and a variety of vegetables.,0,3411/vegetable-noodles.jpg,,Fried Rice and Noodles,Fried Rice and Noodles,360,"veg,services",,,174
16683260,Egg Noodles,,"<b>Egg Noodles</b> are a type of noodle made from wheat flour and eggs, giving them a soft, chewy texture and a slightly rich flavor.&nbsp;",0,3411/EggNoodles3.jpg,,Fried Rice and Noodles,Fried Rice and Noodles,380,"egg,services",,,175
16683262,Chicken Noodles,,"Chicken noodles are the perfect blend of comfort and joy, a dish that feels like pure happiness in every bite. The tender strands of noodles, coated in savory sauces, dance alongside juicy, flavorful chicken and a vibrant medley of vegetables.",0,3411/chicken-noodles.jpg,,Fried Rice and Noodles,Fried Rice and Noodles,415,"non-veg,services",,,176
16683264,Schezwan Chicken Noodles,,"<b>Schezwan Chicken Noodles</b> is a flavorful, spicy, and tangy dish that combines tender chicken with noodles, all coated in a bold, aromatic Schezwan sauce.",0,3411/schezwan-chicken-noodles.jpg,,Fried Rice and Noodles,Fried Rice and Noodles,460,"non-veg,services",,,177
16683266,Mutton Noodles,,"<b>Mutton Noodles</b> is a flavorful and hearty dish that combines tender mutton (goat or lamb) with stir-fried noodles. It’s a fusion of two beloved comfort foods: the rich, savory taste of mutton and the satisfying texture of noodles.",0,3411/Mutton-Noodles.jpeg,,Fried Rice and Noodles,Fried Rice and Noodles,500,"non-veg,services",,,178
16683268,Fish Noodles,,"<b>Fish Noodles</b> is a flavorful, fusion dish that combines tender fish with stir-fried noodles. It’s a delicious and satisfying meal.",0,3411/Fish-Noodles.jpg,,Fried Rice and Noodles,Fried Rice and Noodles,540,"non-veg,services",,,179
16683270,Prawns Noodles,,"Prawns Noodles is Tossed with springy noodles, vibrant veggies, and a dash of soy or chili, the dish becomes a harmonious balance of textures and flavors.",0,3411/prawn-noodle...jpeg,,Fried Rice and Noodles,Fried Rice and Noodles,540,"non-veg,services",,,180
16683272,Masala Kulcha,,"The <b>taste of Masala Kulcha</b> is a delightful blend of savory, spicy, and aromatic flavors, making it a truly satisfying dish.",0,3411/Masala-Kulcha.jpg,,Snacks,Snacks,150,"veg,services",,,181
16683274,French Fries,,"<b>French Fries</b> are a classic and beloved snack or side dish, made from sliced potatoes that are deep-fried until golden and crispy.",0,3411/French-Fries.jpg,,Snacks,Snacks,285,"veg,services",,,182
16683276,Masala Omlette,,"<b>Masala Omlette</b> is a popular, flavorful variation of the classic omlette, infused with a blend of spices and vegetables.",0,3411/Masala-Omlette.jpg,,Snacks,Snacks,170,"egg,services",,,183
16683278,Fish Fingers,,"<b>Fish Fingers</b> are a popular, easy-to-make snack or meal, often enjoyed by both children and adults. Fish Fingers&nbsp;have a delicious combination of flavors and textures that make them a favourite snack or meal for many.&nbsp;",0,3411/Fish-Fingers.jpg,,Snacks,Snacks,500,"non-veg,services",,,184
16686556,Ceaser Salad,,"<b>Caesar Salad</b> is a classic, simple salad that's famous for its rich, creamy dressing, crispy romaine lettuce, crunchy croutons, and grated Parmesan cheese.&nbsp;",0,3411/CEASER-SALAD.jpg,,Continental,Salads,355,"veg,services",,,206
16686557,Ceaser Chicken Salad,,"<b>Caesar Chicken Salad</b> is a delicious variation of the classic Caesar salad, where grilled or cooked chicken is added for extra protein and flavor.",0,3411/chicken-caesar-salad-28-1200.jpg,,Continental,Salads,620,"non-veg,services",,,1
16686558,Shrimp Salad,,"A shrimp salad is a light, refreshing dish made with cooked shrimp and a variety of vegetables, often served with a flavorful dressing.&nbsp;",0,3411/Shrimp-Salad.jpg,,Continental,Salads,710,"non-veg,services",,,2
16686559,Woldrod Salad,,"It is typically features a combination of apples, celery, grapes, and walnuts, all tossed in a mayonnaise-based dressing.",0,3411/Lettuce-with-Waldorf-Salad.jpg,,Continental,Salads,530,"veg,services",,,3
16686560,Broccoli Salad,,"<b>Broccoli Salad</b> is a healthy and delicious dish that combines fresh broccoli with a creamy dressing, often complemented with a variety of crunchy vegetables.",0,3411/vegan-broccoli-salad-4-480x270.jpg,,Continental,Salads,445,"veg,services",,,4
16686561,Chicken Tenders,,"<b>Chicken Tenders</b> are a popular dish made from boneless, skinless chicken strips that are breaded and fried to golden perfection.&nbsp;",0,3411/Chicken-Tenders.jpg,,Continental,Starters,445,"non-veg,services",,,5
16686562,Fish & Chips,,"<b>Fish &amp; Chips</b> is a dish consisting of battered and fried fish served with crispy fries (chips). It's a comforting and flavorful meal, and the key to its deliciousness is the perfectly crisp batter and tender, flaky fish inside.",0,3411/Fish--CHips.jpg,,Continental,Starters,710,"non-veg,services",,,6
16686563,Chicken Milanase,,<b>Chicken Milanese</b> is a classic Italian dish made with breaded and fried chicken cutlets. It’s crispy on the outside and tender on the inside. It’s perfect for a weeknight dinner or even a special occasion.&nbsp;,0,3411/Chicken-Milanese-.jpg,,Continental,Starters,530,"non-veg,services",,,7
16686564,Pasta Alfrado (Penne) (Veg),,"<b>Penne Alfrado (Veg)</b> is a creamy, comforting pasta dish made with penne pasta and a rich Alfredo sauce, enhanced with fresh vegetables. This vegetarian version of the classic Alfredo is perfect for a light yet indulgent meal.&nbsp;",0,3411/Pasta-Alfredo-with-Vegetables.jpg,,Continental,Main Course,530,"veg,services",,,8
16686565,Pasta Alfrado (Penne) (Chicken),,"<b>Penne Alfredo with Chicken</b> is a delicious and creamy pasta dish made with succulent chicken breast, penne pasta, and a rich Alfredo sauce. It’s an indulgent comfort food, perfect for a satisfying meal.&nbsp;",0,3411/Pasta-Alfrado-Chicken.jpg,,Continental,Main Course,620,"non-veg,services",,,9
16686566,Pasta Alfrado (Penne) (Shrimp),,"<b>Pasta Alfrado (Shrimp)</b> is a delicious and creamy pasta dish that features succulent shrimp in a rich, cheesy Alfredo sauce, served over pasta. It’s a perfect combination of comfort and elegance, making it great for any occasion.&nbsp;",0,3411/Pasta-Alfrado-Shrimp.jpg,,Continental,Main Course,800,"non-veg,services",,,10
16686567,Penne Arabiata (Veg),,"<b>Penne Arrabbiata (Veg)</b> is a delicious vegetarian version of the classic Italian pasta dish, featuring a spicy, garlicky tomato sauce (arrabbiata) served with penne pasta and loaded with fresh vegetables. The heat from the chili, combined with the richness of the tomato sauce, makes this a flavorful and satisfying dish.&nbsp;",0,3411/Penne-Arabiata---Veg..jpeg,,Continental,Main Course,530,"veg,services",,,11
16686568,Penne Arabiata (Chicken),,"<b>Penne Arrabbiata with Chicken</b> is a delicious twist on the classic Italian dish, where the spicy, garlicky tomato sauce (arrabbiata) is paired with tender chicken and pasta. The combination of heat from the chili, richness from the chicken, and freshness from the tomatoes makes this dish incredibly flavorful and satisfying.&nbsp;",0,3411/Penne-Arabiata-Chicken.jpg,,Continental,Main Course,620,"non-veg,services",,,12
16686569,Penne Arabiata (Shrimp),,"<b>Penne Arrabbiata with Shrimp</b> is a flavorful Italian pasta dish made with a spicy tomato sauce, garlic, and chili flakes, combined with tender shrimp. The sauce is typically made from tomatoes, garlic, and red chili, which gives its characteristic ""angry"" (arrabbiata) heat. Adding shrimp elevates the dish, making it both rich and satisfying.",0,3411/Penne-Arrabbiata.jpg,,Continental,Main Course,800,"non-veg,services",,,13
16686570,Lemon Grilled Fish With White Sauce,,"<b>Lemon Grilled Fish with White Sauce</b> is a delightful and refreshing dish that pairs the bright, zesty flavors of lemon with the rich creaminess of white sauce. The grilled fish is light and flavorful, and the white sauce adds a deliciously smooth texture and depth.",0,3411/Lemon-Grilled-fish.jpg,,Continental,Main Course,1065,"non-veg,services",,,14
16686571,Grilled Chicken With Brown Sauce,,"<b>Grilled Chicken with Brown Sauce</b> is a delicious dish that combines the smoky, juicy flavor of grilled chicken with a rich and savory brown sauce. The brown sauce typically has a base of soy sauce, stock, and other seasonings, giving it a deep, savory flavor that pairs perfectly with the grilled chicken.",0,3411/Grilled--Chickem-with-Brown-sauce.jpg,,Continental,Main Course,620,"non-veg,services",,,15
16686572,Peri Peri Chicken With Butter Garilc Rice,,"<b>Peri Peri Chicken with Butter Garlic Rice</b> is a mouthwatering combination of spicy, flavorful chicken paired with aromatic, buttery rice. The chicken is marinated in a spicy peri-peri sauce and grilled or baked to perfection, while the butter garlic rice is a fragrant and rich side dish that complements the heat of the chicken.&nbsp;",0,3411/Peri-Peri-Chicken.jpg,,Continental,Main Course,710,"non-veg,services",,,16
16686573,Mexican Rice With Grilled Paneer,,"<b>Mexican Rice with Grilled Paneer</b> is a fusion dish that combines the vibrant, spiced flavors of Mexican rice with the richness of grilled paneer (Indian cottage cheese). The result is a delightful, colorful, and flavorful meal that blends the savory notes of both cuisines.",0,3411/Mexican-Rice-with-Grilled-paneer.jpg,,Continental,Main Course,710,"veg,services",,,17
16686574,Chicken Mandi (Quarter),,"<b>Chicken Mandi</b> is a variation of the traditional Mandi using chicken. This dish is equally flavorful and aromatic, with tender chicken cooked along with rice and a blend of spices.&nbsp;",0,3411/Chicken-Mandi.jpg,,Continental,Arabic,620,"non-veg,services",,,18
16686575,Chicken Mandi (Half),,"<b>Chicken Mandi</b> is a variation of the traditional Mandi. This dish is equally flavorful and aromatic, with tender chicken cooked along with rice and a blend of spices.&nbsp;",0,3411/Chicken-Mandi.jpg,,Continental,Arabic,1065,"non-veg,services",,,19
16686576,Chicken Mandi (Full),,"<b>Chicken Mandi</b> is a variation of the traditional Mandi using chicken. This dish is equally flavorful and aromatic, with tender chicken cooked along with rice and a blend of spices.&nbsp;",0,3411/Chicken-Mandi.jpg,,Continental,Arabic,2130,"non-veg,services",,,20
16686577,Pepper Al Faham Mandi (Quarter),,"<span style=""font-weight: 700; color: rgb(68, 68, 68); font-family: &quot;Helvetica Neue&quot;, Helvetica, Arial, sans-serif; font-size: 15px; background-color: rgb(240, 240, 240);"">Pepper Al Faham Mandi</span><span style=""color: rgb(68, 68, 68); font-family: &quot;Helvetica Neue&quot;, Helvetica, Arial, sans-serif; font-size: 15px; background-color: rgb(240, 240, 240);"">&nbsp;is a delicious fusion dish that combines the rich flavors of&nbsp;</span><span style=""font-weight: 700; color: rgb(68, 68, 68); font-family: &quot;Helvetica Neue&quot;, Helvetica, Arial, sans-serif; font-size: 15px; background-color: rgb(240, 240, 240);"">Al Faham</span><span style=""color: rgb(68, 68, 68); font-family: &quot;Helvetica Neue&quot;, Helvetica, Arial, sans-serif; font-size: 15px; background-color: rgb(240, 240, 240);"">&nbsp;(a popular grilled chicken dish) with the aromatic spices of&nbsp;</span><span style=""font-weight: 700; color: rgb(68, 68, 68); font-family: &quot;Helvetica Neue&quot;, Helvetica, Arial, sans-serif; font-size: 15px; background-color: rgb(240, 240, 240);"">Mandi</span><span style=""color: rgb(68, 68, 68); font-family: &quot;Helvetica Neue&quot;, Helvetica, Arial, sans-serif; font-size: 15px; background-color: rgb(240, 240, 240);"">&nbsp;(a traditional rice dish). In this recipe, marinated chicken is grilled or roasted until it's smoky and tender, and then it's combined with the flavorful spiced rice from Mandi. The addition of black pepper gives it a spicy, warm kick, making it a mouth-watering one-pot meal.</span>",0,3411/Al-Faham-Mandi.jpg,,Continental,Arabic,620,"non-veg,services",,,21
16686578,Pepper Al Faham Mandi (Half),,"<table id=""table_list"" class=""uk-table uk-table-hover uk-table-striped uk-table-condensed dataTable"" aria-describedby=""table_list_info"" style=""width: 1583px; margin-top: 15px; color: rgb(68, 68, 68); font-family: &quot;Helvetica Neue&quot;, Helvetica, Arial, sans-serif; font-size: 15px;""><tbody role=""alert"" aria-live=""polite"" aria-relevant=""all""><tr class=""even"" style=""background-color: rgb(240, 240, 240);""><td class=""""><span style=""font-weight: 700;"">Pepper Al Faham Mandi</span>&nbsp;is a delicious fusion dish that combines the rich flavors of&nbsp;<span style=""font-weight: 700;"">Al Faham</span>&nbsp;(a popular grilled chicken dish) with the aromatic spices of&nbsp;<span style=""font-weight: 700;"">Mandi</span>&nbsp;(a traditional rice dish). In this recipe, marinated chicken is grilled or roasted until it's smoky and tender, and then it's combined with the flavorful spiced rice from Mandi. The addition of black pepper gives it a spicy, warm kick, making it a mouth-watering one-pot meal.<br><br></td></tr></tbody></table>",0,3411/Al-Faham-Mandi.jpg,,Continental,Arabic,1065,"non-veg,services",,,22
16686579,Pepper Al Faham Mandi (Full),,"<b>Pepper Al Faham Mandi</b> is a delicious fusion dish that combines the rich flavors of <b>Al Faham</b> (a popular grilled chicken dish) with the aromatic spices of <b>Mandi</b> (a traditional rice dish). In this recipe, marinated chicken is grilled or roasted until it's smoky and tender, and then it's combined with the flavorful spiced rice from Mandi. The addition of black pepper gives it a spicy, warm kick, making it a mouth-watering one-pot meal.",0,3411/Al-Faham-Mandi.jpg,,Continental,Arabic,2130,"non-veg,services",,,23
16686580,Mutton Mandi (Quarter),,"Mutton Mandi consists of tender mutton (lamb) cooked with aromatic rice and a blend of spices, creating a hearty, fragrant meal. The dish is known for its rich flavor, often achieved through slow-cooking or steaming methods.",0,3411/Mutton-mandi.jpg,,Continental,Arabic,710,"non-veg,services",,,24
16686581,Mutton Mandi (Half),,"<b>Mutton Mandi</b> is a rich, flavorful, and aromatic dish that combines tender mutton (lamb or goat meat) with seasoned rice, cooked together to create a delicious one-pot meal.",0,3411/Mutton-Mand.jpg,,Continental,Arabic,1420,"non-veg,services",,,25
